id,data_curadoria,titulo_original,titulo_pt,fonte,link,resumo,porque_curioso,gancho_pauta,pontuacao
7a82898c81bbd6c3,2026-08-20T14:19:00.708741+00:00,New York school pauses plan to deploy humanlike AI robot teacher after backlash - AP News,Escola de Nova York suspende plano de professor-robô humanoide após pressão de sindicato,AP News,https://news.google.com/rss/articles/CBMiswFBVV95cUxNbHZUMlhpN012eG40LW5KMmZpZDNsQ0F3aHJKNDFTRFVVWHRKd3ZUTTlEZVdhQ1pod0o3U1NOc0pERi14XzJicXhiWXhJcVliT2FjYWFzMDQ4aEFkOGczd05rZXRyNDhOT0xSWTdWZmQ5a1NxamNZMXpYUVV0SkZ1aGplcXBXLTJSSHVCWWVJOWNUR1NHQXRTcFRKbTBJcS1OOFhxYnp2WkQzLW9TdVhDS01Qdw?oc=5,"Um distrito escolar rural do estado de Nova York havia planejado introduzir um robô humanoide, apelidado de assistente de ensino, em salas de aula do ensino médio. Após críticas do sindicato de professores e da comunidade sobre a adequação pedagógica e emocional da iniciativa, o distrito pausou o projeto.","O caso mostra de forma concreta os limites que sociedades já mais avançadas na adoção de IA estão testando entre tecnologia e vínculo humano na educação, um debate que ainda é incipiente no Brasil.","Vale uma matéria sobre até onde a automação pode substituir a presença humana em sala de aula, usando o caso americano como gancho para discutir com especialistas em tecnologia educacional e psicologia escolar os riscos e limites de robôs ou avatares de IA atuando como figuras de autoridade pedagógica, especialmente em crianças e adolescentes.",9
6874d420172af65a,2026-08-20T14:19:00.708741+00:00,A.I. Agents Are Taking Entire Online Courses for Cheating Students - The New York Times,Agentes de IA estão completando cursos online inteiros para alunos que buscam colar,The New York Times,https://news.google.com/rss/articles/CBMieEFVX3lxTE1zTFZ5LTBFMjl4MkgxSGgtSDdYQlJQa0pBcTJZeXBDRDQtYzFVcjZyc3hLaTlYalBFczZud3pERVI1R0dzdTN6dWpxVDdGTWdlRUxwVVdCTGcyeTFmanVVR3N6eTJoUVdmVkZIZjVSNWhpeVhucFpETw?oc=5,"Reportagem do New York Times revela que estudantes estão usando agentes autônomos de inteligência artificial para realizar atividades, provas e até cursos completos à distância sem qualquer intervenção humana. A prática desafia os mecanismos tradicionais de detecção de plágio e fraude acadêmica.",O fato de a fraude ter migrado de textos isolados para cursos inteiros indica uma escalada silenciosa e ainda pouco discutida no Brasil sobre os limites da vigilância acadêmica diante da IA autônoma.,"É possível construir uma pauta sobre o novo patamar da cola acadêmica com IA, ouvindo especialistas em avaliação educacional e integridade acadêmica sobre como universidades brasileiras estão (ou não) se preparando para esse tipo de fraude sofisticada que vai além do simples uso de chatbots para redigir textos.",9
140df6f346832f31,2026-08-20T14:19:00.708741+00:00,Brown Professor Suspects Most of His Class Used AI to Cheat - Inside Higher Ed,Professor da Universidade Brown suspeita que maioria da turma usou IA para trapacear,Inside Higher Ed,https://news.google.com/rss/articles/CBMixwFBVV95cUxNRVVPcFVmakxGdUFOTW8yTVFWZW9rcjByekZJRmFMYnJhV3Utc1lWRk1iQ0hsU25td2J5b0lGelI5SjNENTFVN1cwUUVWbVg0cDA1S3R4YlktOWZ1ckp1Rlo1UHIweGptZXNrZUFYNjU5enp0blRqclcwUG1uaHZQaUZpMzlZM0wtX3l1cjg4eEw2dHo1dGxNMGx6dklfbDhqTThuSnMtTWxMME91emN5anNCTGxuaGVfQ21HZHNTcHo1Mm9yeHNR?oc=5,"Um professor da Universidade Brown, nos Estados Unidos, relatou publicamente a suspeita de que a maior parte de sua turma usou inteligência artificial para produzir trabalhos, colocando em xeque a confiança na autoria discente. O caso gerou debate sobre os métodos de avaliação no ensino superior.","É um raro relato em primeira pessoa de um professor universitário expondo publicamente sua desconfiança generalizada em relação à autenticidade do trabalho de seus alunos, o que humaniza um debate normalmente tratado apenas em termos estatísticos.","Essa história pode virar pauta sobre a crise de confiança entre professores e alunos gerada pela IA generativa, com especialistas em pedagogia universitária e avaliação comentando como recriar formas de avaliação que restaurem a confiança na autoria sem recorrer apenas a softwares de detecção, que já se mostraram falíveis.",8
44daa32802e9812e,2026-08-20T14:19:00.708741+00:00,AI-powered Alpha Schools expands to 50 campuses as AI debate grows - axios.com,"Rede de escolas sem professores humanos, guiada por IA, expande para 50 unidades nos EUA",axios.com,https://news.google.com/rss/articles/CBMie0FVX3lxTE50aUhSQTJFT3R1cVdnM19qTnNuMi1GcUZ3R1RPRnVDeUtqSm1PN3Nta095dGxNVFM1VUFOX3lOTFlNbV9jUTQtWWltZmxCRDRzMk1NbU54TnU5WmwzSnA5dTJGVFhvNE9qVmsxaGpRT0VQN0JBWUw3QXlJRQ?oc=5,"A rede Alpha School, que substitui professores tradicionais por tutoria guiada por inteligência artificial, anunciou expansão para 50 campi nos Estados Unidos. O crescimento acontece em meio a debates acalorados sobre os efeitos pedagógicos e sociais do modelo.","O modelo de escola sem professores humanos soa como ficção científica, mas já é realidade em expansão nos Estados Unidos, o que contrasta fortemente com o cenário educacional brasileiro e levanta questões sobre o futuro da profissão docente.","Dá para pautar uma reportagem sobre os limites e riscos desse modelo de ensino guiado por IA sem professores, ouvindo pedagogos e pesquisadores em educação sobre o que se perde e o que se ganha quando a mediação humana no processo de aprendizagem é substituída por algoritmos personalizados.",8
ccd7f329816bacba,2026-08-20T14:19:00.708741+00:00,Education’s version of Etsy may have an AI slop problem - Chalkbeat,Marketplace de materiais didáticos nos EUA é inundado por conteúdo gerado por IA de baixa qualidade,Chalkbeat,https://news.google.com/rss/articles/CBMihwFBVV95cUxOQy1uT1pvcG5YN2ZqX3ZRYWkxelVNUjJuMmdnVFdYV3VOekhYemJ0U2l6WmNqa05wbDF0NW5IbGNQM1hPRGZFeHJjSTN4eUwtXzlnYW9mdXlHRWF1Z202RGxmaV9RWUhXSUJkSTZscWh2bnVHT1lJN0xndUQ2U0VvNF9hRmljQjg?oc=5,"Plataformas como o Teachers Pay Teachers, conhecidas como o Etsy da educação, estão enfrentando uma onda de materiais didáticos produzidos por inteligência artificial sem qualidade pedagógica, segundo reportagem do Chalkbeat. Professores relatam dificuldade em distinguir conteúdo autêntico de material genérico gerado por IA.","O caso expõe um efeito colateral pouco discutido da IA generativa na educação, que não é apenas sobre alunos trapaceando, mas sobre professores comprando e usando materiais de ensino de procedência duvidosa sem perceber.","A pauta pode explorar como a IA generativa está afetando a qualidade dos materiais didáticos disponíveis online, com especialistas em currículo e formação docente comentando os riscos de professores reproduzirem em sala conteúdo raso ou impreciso produzido por inteligência artificial sem checagem adequada.",7
3dbdb33ec882d45a,2026-08-20T14:19:00.708741+00:00,"‘I don’t want this’: students now reject AI in teaching and learning, teacher reports - EducationHQ","Alunos começam a rejeitar o uso de IA no ensino, relatam professores",EducationHQ,https://news.google.com/rss/articles/CBMiuAFBVV95cUxPTUdFUGZkdmhKQ1lEMk5BUUNZel9mQjdrcHdJUkdxWGRiMHFmbmdEazMydXdOT2J6djhXTjJ3NTFYY3JGR0dwaGNTdThhRjFaVFhPRXcxRTJaTmZMc1VJYUxHc3Z1M2pPYi0yeHNIOGMzekppb0N6UFEwUTlza1FYZ1ZleTNjbWlaMTdEZDNUY1JGN0RSRm5BdjZ5SDFLRHNwaXBFVU5ZSXkyNGNuSGhGdk82aGF1ZkxM?oc=5,"Um levantamento da plataforma EducationHQ mostra professores relatando um movimento inverso ao esperado, com estudantes expressando resistência e desconforto com o uso de inteligência artificial em atividades de ensino e aprendizagem. O fenômeno contraria a narrativa dominante de adoção entusiástica pelos jovens.","A ideia de que são os próprios alunos, e não os professores, que estão rejeitando a IA em sala de aula inverte o roteiro mais comum da cobertura sobre o tema e abre uma linha de reportagem pouco explorada no Brasil.","Vale uma matéria investigando se esse mesmo fenômeno de rejeição estudantil à IA em atividades pedagógicas já aparece em escolas e universidades brasileiras, ouvindo psicólogos educacionais e pesquisadores em juventude e tecnologia sobre as razões por trás dessa resistência inesperada.",7
a6639f9e80c8e887,2026-08-21T11:03:27.868188+00:00,Brown University Professor Says AI Cheating Led Students To Scoring 50% Higher Than In-Person Tests - University Herald,Professor de Brown associa disparada nas notas de provas a uso generalizado de IA,University Herald,https://news.google.com/rss/articles/CBMi4gFBVV95cUxNakdIc1JlQ2lzSllQelUtNXFKQmlDeTZYeVp1Sm1DSUFhTUE2OWZ4TTdNcC1seFBHTzd0MDkwVDAyWEpEQUo2X3dsRExpX2lrOW9zdkZTQlVjQmdjOG14TWVzVi1uNmJoMWR2UUYwOWpxWTBRT2c5OHNfSzZOUGEwVFl4Um51ZjhBaUJuTlZWWHVrMjBZc3hZOThZV2dERHBvVUUtQXF2QTJITGoxaUtsZEI3THREbzVqeVU1cnEtZ2xvWFBmR19fUUZsMEFVM3EzeGtxMUxITzRlNlp6cnl1TDFn?oc=5,"Um professor da Universidade Brown relatou que as notas de estudantes em avaliações subiram até 50% em relação a testes presenciais, atribuindo o salto ao uso disseminado de ferramentas de IA generativa. O caso reacende o debate sobre a validade de exames remotos e a necessidade de repensar métodos avaliativos.","É um dado quantitativo concreto e verificável, algo raro nas discussões sobre trapaça com IA, que costumam ser mais especulativas do que baseadas em números reais de desempenho.","A pauta pode explorar como universidades brasileiras estão lidando com a mesma suspeita de inflação artificial de notas em avaliações remotas, contrastando o caso americano com a realidade local. Especialistas em avaliação educacional, psicometria ou integridade acadêmica podem comentar se o modelo de provas presenciais precisa ser resgatado com urgência diante da IA generativa.",8
618c4d094b356254,2026-08-21T11:03:27.868188+00:00,"The ""Godmother of AI"" says the biggest AI risk in schools isn't cheating – it's students losing the desire to learn - TechSpot","Para pesquisadora conhecida como madrinha da IA, risco maior nas escolas não é a cola, mas a perda do desejo de aprender",TechSpot,https://news.google.com/rss/articles/CBMilwFBVV95cUxOdXp1ZVZnRTY5TUVONVVBeFkxdjAxX2xWUVdpM2sxYjVDbXA0a2U5M3Z2Q1dSTmlWcFJEOTZxT3o2bThONEtHYXhvZUFoYkFRc1RVU1I5OE00M19PZXVpX3FfY1JIZVFnRzJHTWZqMU9zSDdWcmc3eU96WUZHR3FtZjJwWWF1SzNWTWQzTGJCY0FWbDZ2ZTVF?oc=5,"Uma pesquisadora de destaque na área de inteligência artificial afirmou que o problema central da IA na educação não é o uso para colar em trabalhos, mas o enfraquecimento da motivação intrínseca dos estudantes para aprender por conta própria. A declaração desloca o debate do controle de fraude para a formação do interesse genuíno pelo conhecimento.","O argumento inverte a lógica dominante da cobertura sobre IA nas escolas, que geralmente foca em detectar plágio, trazendo uma camada psicológica e pedagógica pouco explorada no debate brasileiro.","Vale pautar uma reportagem que ouça psicólogos educacionais e pedagogos sobre sinais de perda de motivação em estudantes brasileiros que recorrem à IA, indo além da discussão sobre detecção de plágio. O especialista pode discutir estratégias de ensino que preservem a curiosidade e o esforço cognitivo mesmo com ferramentas de IA disponíveis.",8
71555b3204d73754,2026-08-21T11:03:27.868188+00:00,"Majority of students deny using AI when forbidden, study finds - Times Higher Education",Estudo aponta que maioria dos alunos nega ter usado IA mesmo quando isso é proibido,Times Higher Education,https://news.google.com/rss/articles/CBMiogFBVV95cUxOMG5pdXA4VGF6eFhmTGhjV29Da2RQU1lxT0EzMzBRak56dlhqbHVOa1FybHY3ajdaX3IzdnptWW51UWVYR2NwMnNMT3JaYmtnVWg0dkhkUFg2YWtSZkJoeUVOTC1QcWVRV0wtTF9uZ1Zha3RHeG9qb3NHUTFGQmJOOVVoZ2hmd1VzWlZMZ083QVREUW1lSGxnWkZKYXZVWHZjTmc?oc=5,Uma pesquisa publicada pelo Times Higher Education revela que a maior parte dos estudantes universitários que utilizam inteligência artificial em tarefas proibidas nega o uso quando questionada. O levantamento expõe uma lacuna entre políticas institucionais de integridade acadêmica e o comportamento real dos alunos.,"O dado quantifica algo que professores brasileiros já suspeitam informalmente, mas raramente veem confirmado por pesquisa acadêmica robusta e internacional.","A matéria pode comparar esse achado com a percepção de professores brasileiros sobre honestidade dos alunos quanto ao uso de IA, buscando dados ou depoimentos de instituições nacionais. Pesquisadores em integridade acadêmica ou coordenadores pedagógicos podem avaliar se políticas de honestidade baseadas em autodeclaração ainda fazem sentido na era da IA generativa.",7
62278b88d53bcbb7,2026-08-21T11:03:27.868188+00:00,Teachers need help with AI. A union is offering training – with $23m in funding from big tech - The Guardian,Sindicato de professores nos EUA lança formação em IA financiada por gigantes da tecnologia,The Guardian,https://news.google.com/rss/articles/CBMihAFBVV95cUxPRXZLVjBIdGt2aE8tdzZtbFBFYUJ3UlFLc01NUXpmaEJTWWdJOG93UUItQi1vTDh2Zl9uLWx0VTl5Z1pKeFVuSU5mdzRsOWFSV2RNUHk1S2tIenJFY2hSQlVVVGQyaHJXbENCTEFTZUNEQ1J5dnl5YlpSTUhSd0JmVkVQb2o?oc=5,"Um sindicato de educadores norte-americano anunciou um programa de capacitação em inteligência artificial para professores, custeado por 23 milhões de dólares doados por grandes empresas de tecnologia. A iniciativa levanta questões sobre a influência das mesmas empresas que vendem ferramentas de IA na formação de quem vai avaliar e regular seu uso em sala de aula.",O caso expõe um conflito de interesse pouco discutido no Brasil: empresas de tecnologia financiando diretamente a formação dos profissionais que vão decidir como e quando usar seus próprios produtos nas escolas.,"Uma reportagem pode investigar se iniciativas semelhantes de financiamento corporativo para formação docente em IA já existem ou estão surgindo no Brasil, e ouvir especialistas em política educacional sobre os riscos e benefícios dessa aproximação entre big techs e sindicatos ou secretarias de educação.",7
921d1081da80311f,2026-08-21T11:03:27.868188+00:00,How to Prove That Your Writing is Not AI - Plagiarism Today,Como provar que um texto não foi escrito por inteligência artificial vira novo desafio para autores,Plagiarism Today,https://news.google.com/rss/articles/CBMijAFBVV95cUxPeG9HTUtmay1ZVWpXbTRWYlZXcmROZWEtT3lQT0lTUXFheC11bHV0R184dHlVZTRmZFNlUVpIV2lzQTJHbHdaV2l1U1RFQmtQaTR0X25sdzFjVXJLOFNYbTdNVktVSkRYcVhnTmdDVU9kX0FEcjFFamJKLWVqeFdhYkV4MDk2dVhVcFY0WNIBkgFBVV95cUxOaW9LaUtGTVd4QTVKTnRhLVpSb2ItQjJlZzJVb0g5ZEdKdkVBZnBIQnlxLWZLUldTclk3dUt3YlI3QmVBekh2cDJNc0FjNW5pZzNMWERMNnBnLU9xajN6OEJVb3dxNDR4MUEwQkNMbVppcGw5YXgtR1JlSmdCSFhCTE9sSHZqLTgycjE5WWU0YlVSQQ?oc=5,"Uma reportagem especializada em plágio discute as estratégias que escritores, estudantes e profissionais estão adotando para comprovar a autoria humana de seus textos diante da desconfiança generalizada criada por detectores de IA. O tema evidencia uma inversão do problema original: agora a preocupação não é só flagrar quem usa IA, mas provar inocência de quem não usa.","É um ângulo pouco explorado no Brasil: a discussão geralmente foca em detectar fraude, mas raramente em como pessoas honestas se defendem de acusações injustas baseadas em ferramentas de detecção falhas.","A pauta pode ouvir professores de redação, escritores e especialistas em autoria sobre casos de acusação indevida de uso de IA em textos genuinamente humanos, e como isso afeta a confiança na correção de trabalhos escolares e acadêmicos no Brasil. Vale explorar também a fragilidade técnica dos detectores de IA disponíveis no mercado.",8
46216d2fe9842418,2026-08-21T11:03:27.868188+00:00,"Los alumnos daneses deberán presentar sus trabajos de forma oral para combatir las ""trampas"" de la IA - El Periódico",Dinamarca vai exigir apresentação oral de trabalhos escolares para conter uso indevido de IA,El Periódico,https://news.google.com/rss/articles/CBMiygFBVV95cUxPT1JMMlF3blppSFZZb0htRVB5V0J5RXcxcE9QZHhuX29rWVZsN3JEWXpZUDFjNmRTR0pDWkxYU3pTZWR1YjhuUkVXVk5MelhpMFNZbXZJSXdLaF9zT0x1RnpJREJhVktya1BsSXp2U2VoUldBMlV4elVqVkJzV2pWSHp4eERPMnJ6NENBSlhLdHpDN1VRbWcwd01hU0JUalRPVktCM0N5VTBEUjBreWYtVFhNVHk3Vl9lVU41ZlV0ck5CekgwNnBJTzln0gHKAUFVX3lxTE5SWjgzSVNYT3YtNW5vWXREYnV4Tm94bTN6ek9oc29tdUVuRExyT2ZHU1dqY3dUQWNhUEhyeVl2NUpiUFY3RHVDTnU4QkdZRFNjUDR3eV9TQ1VqbHVsUnZsYU01VlptbmN2MmhOYWNIUDBsR0JEeDh1bjFCSl9mdDdLMGNqN2tHU1c0SnF2UG9SUWIxbEdkNGNoNU9RTWEwSl9OdS1FY0lrM3hlcHBJQ3pGYnpScGF4cW9tV25yeDZITmdjTnNIY3REcXc?oc=5,"Escolas dinamarquesas passarão a exigir que estudantes defendam oralmente seus trabalhos escritos como forma de verificar a autoria real diante da facilidade de uso de ferramentas de inteligência artificial. A medida representa uma mudança estrutural na forma de avaliar a aprendizagem, priorizando a oralidade sobre o texto entregue.","É uma solução institucional concreta e inédita, adotada por um país inteiro, que contrasta com o debate brasileiro ainda concentrado em detectores automáticos de plágio.","A reportagem pode discutir se um modelo semelhante de avaliação oral seria viável nas escolas brasileiras, considerando turmas grandes e recursos limitados, ouvindo especialistas em avaliação educacional e formação de professores sobre os prós e contras de substituir ou complementar a correção de textos por defesas orais.",8
c833f4b84d8cab30,2026-08-22T10:54:19.196637+00:00,« 32 de mes élèves ont échoué » : un professeur d'université tend un piège invisible à ses élèves qui utilisent l'IA - Le Dauphiné Libéré,Professor cria 'armadilha invisível' para flagrar uso de IA em provas e reprova 32 alunos,Le Dauphiné Libéré,https://news.google.com/rss/articles/CBMi7wFBVV95cUxPcTVDTEZMdmVRaVByVF9aN1RzeFF0NnBYOHlIT2hMZTZObC1MeUNQR0xmRlRqYUNQYWVoTHExT2dUUnFQUmNXYW9nekFyNkNuMWRTaFpWRkpmbjVMcFN6b29ORXJkeUotaGFEX2FCLUM4Njdpa2RNNFE3Q01rYmRsVmYxS3ZiSnZoTXg1MHZIYllVcUwydGhxNlpqVmxEZENtQldVdmZVa3lHLXRhSnNKRUdteEJaYUh3czFnWG9YOC1YZzd0YUNlUVJZMk5sVVFNNUN1VWR0SG5LTTBIVXpzYnVTQWVYU29wbmYzTFhuMA?oc=5,"Um professor universitário na França inseriu instruções ocultas em um trabalho para detectar quais alunos haviam usado inteligência artificial sem citar a fonte. O resultado foi a reprovação de 32 estudantes que caíram na armadilha, reacendendo o debate sobre autenticidade acadêmica.","O caso mostra uma estratégia pouco convencional de combate ao plágio por IA, indo além dos softwares detectores tradicionais e expondo uma tensão crescente entre docentes e alunos nas universidades.","A pauta pode explorar como universidades ao redor do mundo estão criando métodos criativos e às vezes controversos para flagrar o uso não declarado de inteligência artificial em trabalhos acadêmicos, questionando os limites éticos dessas armadilhas e o que isso revela sobre a crise de confiança entre professores e estudantes. Um especialista em avaliação educacional ou em ética acadêmica poderia comentar se esse tipo de estratégia é eficaz ou apenas paliativa diante da disseminação da IA generativa.",8
98cab518ec76f5bc,2026-08-22T10:54:19.196637+00:00,Oral exams are making a comeback to stop AI cheating. But they have their own problems - The Conversation,"Exames orais voltam às universidades como resposta ao uso de IA, mas trazem novos problemas",The Conversation,https://news.google.com/rss/articles/CBMivAFBVV95cUxNWTFOOUhLaW9lNTNwU1NKNUluTEhxMGRlelhjYnV1QnhnQjAtdFQzeTktVndBVkItZUJmRm9ZUDNCZ3k2MWUyeU93UVpmTS11Nko1TGlUcHBidk9OMDN3THBIMHNCSV9CVnppN2VJc1VfMm5qdFhKaE5jNnhDYlVkNUVzdVAwa2xUeGdxXzVhalVXNUdkeVhrVTBYTzVxYmFhX2ZlbTNadi1wN3VqcE55ZVFMalZhOVV1bW5CQg?oc=5,"Diante da dificuldade de detectar textos gerados por inteligência artificial, universidades em vários países estão retomando exames orais como forma de avaliação. Especialistas alertam, porém, que esse formato pode reproduzir desigualdades e ansiedade entre os estudantes.","É contraintuitivo ver instituições recorrendo a um método de avaliação considerado ultrapassado justamente para enfrentar uma tecnologia de ponta, o que gera um contraste interessante entre tradição e inovação.","A matéria pode discutir se o retorno aos exames orais é uma solução viável ou apenas uma resposta emergencial à crise de autenticidade provocada pela IA generativa nas universidades, e como isso pode impactar estudantes com dificuldades de comunicação oral ou timidez. Um pedagogo ou pesquisador em avaliação educacional poderia analisar prós e contras desse movimento e comparar com práticas já usadas no Brasil.",8
4ecb61ccaffd0061,2026-08-22T10:54:19.196637+00:00,"Mercedes Miguel, ministra de Educación de CABA: “La inteligencia artificial está impactando en el aula, los chicos vienen con la tarea perfecta” - Infobae",Ministra de educação argentina diz que alunos 'chegam com a tarefa perfeita' feita por IA,Infobae,https://news.google.com/rss/articles/CBMikgJBVV95cUxQdFhEMk5GTHJUeVRjODNTc25oemxTNy1GUnE1UzNhWkQzeWZxZ2hXakFJbGJpaEd6a012eV9ZR3lWOGc4dXJoQWlRZmRFZWdzZVN1bkpyRk54Qk9WcHpwOUVUY0JDdllhS0txdmtZTTEwMTZsX19SZGVMY3RfZTFKbWkxSkVCWmxRa3N0YWNuVERmWFotZjhXT1dYY3hoWmpJX1ZHSi0zUHU2M2NxMzlkUENiOGZYRXFpdUN0UklkRG9temdlQzQ5U2FMNXlRY2NTRlB0NmY4YVBOS3NxNnBQc0RibXZDTDBEaWFpR04xcXZFSW9QZlNzd2tTWi1DMGFHTElpdjNNeWRiUUZSM3BndUR30gGsAkFVX3lxTFBLWnpVSHdLTk1KTjdoOUFKYkd1MWE0aERBdTlEcGVzeklhVHVVbUhoekh2eEcxNzdyY0dNczJBWENYNTVhWVRUd29kbG9RUmFSaFNSZGJybEp3cWwxZzdZQWVpSlNnVnVPMWZGeFZYMEZKM3FWcGxQcXNBZ1ZOdmU0cEpfZS03MGdoTFlmcFdOYjhUb29LdGJSWnl5Rzg1SWFra2lCS1pXeDlEakMtMGI2RW9MWGhaWnE2ZmxJNmZnTms4UWNHREwwakZFcHVjd2lHN1E4N0tNRW83SDE1elBVbHpmQW13TEt0QlB0VDRNUUFBeVpxOHlyYWFYZXl6SEhjOVlmemwxTHp2UXVpM2t6WU8tanpleDNZY0FEU1JCNFN2S21HSFppSGdWWA?oc=5,"A ministra de Educação da cidade de Buenos Aires afirmou que a inteligência artificial já impacta fortemente as salas de aula, com estudantes entregando trabalhos com qualidade e acabamento incomuns para a idade. A declaração reacende o debate sobre autoria e avaliação escolar na América Latina.","É um caso próximo geograficamente e culturalmente ao Brasil, o que facilita comparações diretas sobre como escolas latino-americanas estão lidando com o mesmo dilema de autenticidade textual enfrentado por educadores brasileiros.","A pauta pode comparar a situação argentina com a realidade das escolas brasileiras, questionando se gestores educacionais no Brasil já perceberam esse mesmo padrão de 'tarefas perfeitas demais' e que políticas estão sendo adotadas para lidar com isso. Um especialista em avaliação escolar ou em políticas educacionais poderia comentar as semelhanças e diferenças entre os sistemas educacionais da região diante da IA generativa.",7
d8650672264f9741,2026-08-22T10:54:19.196637+00:00,"Teachers more likely to trust AI than humans, even when it’s wrong: new research - EducationHQ","Pesquisa mostra que professores confiam mais na IA do que em outros humanos, mesmo quando ela erra",EducationHQ,https://news.google.com/rss/articles/CBMitAFBVV95cUxOMm5aa3JPQm1OaXFhVHpiMHp4VmU4WG54enBibF9zNzl6a0p1em5BY0tKTzY2T2F0aEtXYksyTVhOVFlsbU1kOTBsS2dCUXMwVDNrOUZiSl90UTdHN2VSMW1DVEVtNVZuU2QyNmx4b3NOWVQ0T0g1MmdjN2FKc3hxV2tmay04cmhSOFNHR21ja0JseTZncExUblZ4SUtTQVo0U2NjUmJFUEVuLWdYczZkY09pWjA?oc=5,"Um estudo recente identificou que professores tendem a confiar mais em respostas geradas por inteligência artificial do que em opiniões de colegas humanos, mesmo quando essas respostas contêm erros. A pesquisa levanta preocupações sobre o uso acrítico de ferramentas de IA na educação.","O achado é contraintuitivo porque sugere um viés de autoridade tecnológica entre profissionais que deveriam ser especialmente treinados para avaliar criticamente informações, o que pode ter implicações diretas na formação de professores.",A reportagem pode investigar por que professores desenvolvem esse tipo de confiança excessiva em sistemas de inteligência artificial e quais riscos isso representa para a qualidade do ensino e da correção de trabalhos escolares. Um psicólogo cognitivo ou pesquisador em formação docente poderia explicar os mecanismos por trás desse viés e sugerir caminhos para uma formação mais crítica sobre o uso de IA em sala de aula.,7
ba9875c7167ca50b,2026-08-22T10:54:19.196637+00:00,AI private school with no teachers to open new campuses in South Florida - The Business Journals,"Escola particular sem professores humanos, dirigida por IA, expande para a Flórida",The Business Journals,https://news.google.com/rss/articles/CBMisgFBVV95cUxNR2VKMzA4WWF4TkVickZQemVLVkd3T19MZkVwOEZXbzdIUUlrcDRMTnZ6aDhCSEhjcE1VUkt5UTFUMW0wSkowY0h0SDNVRFcxRUhMRDN6ejFOZWVlM3ZoeTNKbHB6cDExNmtzSUlpUWwwLVg0SXZQazVERTJfd0VNa0lDUWpGQS1CdG1WV0hRbllyMzBMRjRMOGhObl9jbHN4YWhBVmlDcjY3dVNpSDBlUFpB?oc=5,"Uma rede de escolas particulares que substitui professores por tutores de inteligência artificial está abrindo novas unidades no sul da Flórida, nos Estados Unidos. O modelo promete personalização do ensino, mas gera debate sobre o papel do vínculo humano na educação.","É um caso extremo e ainda raro de escolarização quase totalmente automatizada, o que rende debate sobre até onde a inteligência artificial pode ou deve substituir a figura do professor.","A pauta pode discutir se esse modelo de escola sem professores humanos é sustentável pedagogicamente ou apenas um experimento comercial chamativo, e quais seriam os riscos socioemocionais dessa ausência de mediação humana no processo de aprendizagem. Um especialista em política educacional ou em psicologia do desenvolvimento infantil poderia avaliar os limites éticos e pedagógicos dessa proposta.",7
e65c734009a70359,2026-08-22T10:54:19.196637+00:00,Adults have struggled to set rules for AI in school. These teens figured it out - NPR,"Adolescentes criam suas próprias regras para uso de IA na escola, superando indecisão de adultos",NPR,https://news.google.com/rss/articles/CBMidkFVX3lxTE5OWmZNbzRMR19ISE05VmhPVThfQW9ZX0REejJ5ZV9MZ2xTN1l5dkxOVEp0ajkyOEkxS09UdGRpV21HTk9tR0FLNW82VU51WjRjNFhhY2RwdU54YlRMNzNsVUFIUjQ4UzhuRF9NX2tVMTJ6VVFMMlE?oc=5,"Enquanto escolas e educadores nos Estados Unidos ainda debatem políticas formais sobre o uso de inteligência artificial, grupos de estudantes adolescentes desenvolveram por conta própria normas de uso ético da tecnologia em trabalhos escolares. A iniciativa surpreendeu especialistas em educação.","O fato de que os próprios alunos, e não os adultos responsáveis pelas políticas educacionais, tenham chegado primeiro a soluções práticas é um ângulo pouco explorado e desafia a narrativa comum de que jovens usam IA apenas para trapacear.","A matéria pode explorar como esse protagonismo estudantil pode servir de modelo para escolas brasileiras que ainda não têm diretrizes claras sobre uso de inteligência artificial, questionando por que as instituições têm demorado tanto para regulamentar o tema. Um especialista em juventude e tecnologia ou em políticas escolares poderia comentar o que esse movimento revela sobre a relação dos adolescentes com a ética do uso de IA.",7
499672a983031e28,2026-08-23T10:55:41.332689+00:00,Study finds AI boosted homework scores 18%—then tanked exam results 20% - Fortune,Estudo revela que IA melhora nota de dever de casa mas piora desempenho em provas,Fortune,https://news.google.com/rss/articles/CBMiswFBVV95cUxQWExERUk2QW1hdWRsSzd1MERMNHBycWVWa2N1Uk94MmY0T3R0T1cwdXVlYlZkMGNvNFhZZFRJWS0zZDMzSkpfTHpxMk9XeThHM1R3T0NFU3N4Z25DdlgwU1M0c3hDT1FMdXhOR0FfdFhyalVha0RLSEFzbFhxVk5OVEF6eC0zNFkyRUNzLXlBaUJtaHdxazdiNnNkeHlRcGZaRU00MUktaUZ6UkJkN3REalU3OA?oc=5,"Uma pesquisa constatou que estudantes que usaram ferramentas de inteligência artificial nas tarefas de casa tiveram aumento de 18% nas notas dessas atividades, mas apresentaram queda de 20% no desempenho em provas presenciais sem auxílio tecnológico. O resultado sugere que o uso da IA pode estar mascarando lacunas reais de aprendizado.","O dado contraintuitivo desafia a ideia simplista de que IA sempre melhora o aprendizado, mostrando um efeito colateral pouco discutido no Brasil sobre dependência tecnológica e avaliação escolar.","A pauta pode explorar o que esse descompasso entre desempenho em casa e em prova revela sobre os limites do uso de IA na educação, questionando se as escolas brasileiras já enfrentam ou vão enfrentar o mesmo problema. Especialistas em avaliação educacional, psicometria ou pedagogia digital poderiam comentar como differenciar aprendizado real de desempenho assistido por IA e que mudanças nos métodos de avaliação seriam necessárias diante desse cenário.",9
6d8299016cd0590d,2026-08-23T10:55:41.332689+00:00,"AI cheating, leaked papers and marking errors: how exam protests went global - The Guardian",Trapaça com IA e falhas de correção levam a onda global de protestos por notas de exames,The Guardian,https://news.google.com/rss/articles/CBMiyAFBVV95cUxQOFdqb2ZjbS1WVU4zV3RxcFowT3dWWGcxZDlxYmY2N2Z4cUJOQ3l3OE1ycHpfMThFdlhJYjlaNVF1UUFTdG5CU2M1LWpDOVNPejg2OEJsNTRGVDNBQ1ZVQjA5c2plM0loTXFRZEdrWTN0SUVqd3VhN1RDTE9SeDdwZm5jMzJSWmVHbkxwMUZtZ3V5NTRuR2czZUU2eDZxSkI1a1RnMV90b0NnTHVkUHJSaFJtZjFVZ19VX1g0OHZPNThBb1Z1VU13TA?oc=5,"Reportagem do The Guardian mapeia como casos de cola usando inteligência artificial, vazamento de provas e erros de correção têm gerado protestos de estudantes em diferentes países. O fenômeno expõe fragilidades nos sistemas de avaliação educacional diante da popularização de ferramentas de IA generativa.","Mostra que a crise de confiança nas avaliações escolares já é um fenômeno internacional coordenado, não apenas casos isolados, algo ainda pouco retratado na cobertura brasileira sobre o tema.","Vale investigar se o Brasil já enfrenta ou pode enfrentar situações semelhantes de contestação de provas e vestibulares por conta de suspeitas de uso de IA, e como as instituições de ensino estão se preparando para lidar com isso. Especialistas em avaliação educacional, direito educacional ou gestão escolar podem comentar os riscos de legitimidade dos processos avaliativos e possíveis soluções institucionais.",9
803411eaefc1c07a,2026-08-23T10:55:41.332689+00:00,Universities revive face-to-face testing to curb AI cheating - AFR,Universidades voltam a provas presenciais escritas à mão para driblar cola com IA,AFR,https://news.google.com/rss/articles/CBMiwAFBVV95cUxOZzcwZ2NnUFFlaDFKVzZfcS1DUXlYRG5VWTJQWHZPd0RaR2tUZG5jVHBwczVDMW9VSWI4dmxLS3ZIYTVTUXFBdjZSNGFQUjZnWXIycTUzTmFzX3BuX0NNRGV6dkRaYVZEalZmNVVrRUFxbVpaSVEwOGhna1l5bHR2dHN1Y3VTeGt3VncxWEIxUDFtLW5xRHRCRk9IWmladU1uSHJyZGJYYlNRYk83Und4VHVteTNIMHUwTm0zMGtKLUU?oc=5,"Universidades na Austrália estão retomando formatos tradicionais de avaliação, como provas presenciais escritas à mão, como resposta ao aumento de casos de uso indevido de inteligência artificial em trabalhos acadêmicos. A medida representa um retrocesso deliberado em relação à digitalização das avaliações.","É um contraponto irônico à narrativa de modernização tecnológica constante no ensino, mostrando que instituições de ponta estão recuando para métodos analógicos como forma de garantir autenticidade.",A reportagem pode discutir se universidades brasileiras já cogitam ou deveriam cogitar voltar a formatos de avaliação mais tradicionais diante da dificuldade de detectar uso de IA em trabalhos acadêmicos. Um especialista em ensino superior ou avaliação educacional poderia comentar as vantagens e limitações dessa volta ao papel e caneta como resposta à crise de autenticidade.,8
b5f37d89c19cf2cc,2026-08-23T10:55:41.332689+00:00,Private AI school with no teachers arrives in Oklahoma - KGET.com,Escola particular sem professores humanos abre em Oklahoma com ensino guiado por IA,KGET.com,https://news.google.com/rss/articles/CBMilgFBVV95cUxNd0RFb29oNDhuVU9MZmtSNzRIN00yM0I2dFVyekpqeXlOSjktRS1OZjRCRjBKZXFSR2p6SEhjLUgtaXYwS2ZzR3dpMGliYkE3NG05Rk9mZ3JvamJGZUJVT21QNHlRWm5feWpWcWFVQ3VZd3Blak9LMjRyeGQyTTZBRzE1YndVSlpzVFNDQkQ2RTgwUWVpWkE?oc=5,"Uma nova escola particular nos Estados Unidos vai funcionar inteiramente com inteligência artificial no lugar de professores humanos, fazendo parte de uma rede que já opera em outros estados americanos. O modelo promete personalização do ensino por meio de algoritmos adaptativos.","O caso extremo de substituição total da figura docente por IA levanta debates urgentes sobre o papel do professor, algo que ainda soa distante no contexto escolar brasileiro mas pode se tornar referência de debate.","A matéria pode discutir até que ponto esse modelo é replicável ou desejável em outros países, questionando o papel insubstituível do professor na mediação pedagógica e no desenvolvimento socioemocional dos estudantes. Especialistas em política educacional ou formação docente podem comentar os riscos e possíveis benefícios dessa experiência radical, e se algo parecido poderia surgir no Brasil.",8
75ac7a4ffdd89e48,2026-08-23T10:55:41.332689+00:00,Un lycée engage un robot professeur et déclenche une tempête - 24 Heures,Escola suíça contrata robô professor e provoca polêmica,24 Heures,https://news.google.com/rss/articles/CBMilwFBVV95cUxPdUZlcE9FTmFFWFBTQlJIN1hiOV9ITjBtbGlTUVRIUlZmR1BGd19iS3UtdEF5YzBIOE9vWGtQRVlzYVA0Zk9hY1paUmplOVVOeV9iT08xeDRQemkycUZHRkR1OWRsWDlNdXJGb2RYQzhUaXZhZ29VU2dGTXV2aG15ZTFwZGE4dmZ5N2JMOXFfZGtRSi1RcHVJ?oc=5,"Um colégio na Suíça introduziu um robô como professor em sala de aula, gerando forte reação de pais, alunos e educadores. O caso reacende o debate sobre os limites da automação no processo pedagógico e a autoridade docente.","A controvérsia gerada por um caso concreto de robô em sala de aula, com reação emocional da comunidade escolar, oferece um ângulo humano raro sobre crise de autoridade docente diante da automação.","Essa notícia permite explorar a reação social e emocional diante da substituição simbólica do professor por uma máquina, indo além do debate técnico sobre eficácia pedagógica. Um especialista em sociologia da educação ou psicologia escolar poderia comentar o que esse tipo de rejeição revela sobre o papel afetivo e de autoridade do professor, que a tecnologia ainda não consegue substituir.",7
728837b140c9ac36,2026-08-23T10:55:41.332689+00:00,Does ‘AI‑watermarking’ mean the party is over for cheating students? - Stuff South Africa,Marca d'água digital para textos gerados por IA promete identificar cola em provas,Stuff South Africa,https://news.google.com/rss/articles/CBMikgFBVV95cUxPczVWeGZJTFhubW0xa0s1cWI2aGNrV3ZKNlE3Q3l5bmVpdi1DUzVmZ29ZN2g3SkM2WWZXc3hXVU1mczB5endYWVlERWdENXF0clB0ZzJ4REh1TDNqZ3lNdENkdXFEOFYxTVFJdHlZUnViUnRwQjNXR1lXOGpfUXM1TzJfb2Q4eHlaNmE2QTl3YjdnZw?oc=5,Uma tecnologia de marca d'água digital aplicada a textos gerados por inteligência artificial está sendo testada na África do Sul como forma de identificar quando estudantes usam ferramentas de IA em trabalhos escolares. A proposta busca resolver o problema da baixa confiabilidade dos detectores tradicionais de plágio por IA.,"É uma solução técnica pouco conhecida no debate brasileiro sobre plágio e autenticidade, que pode antecipar uma tendência regulatória em setores educacionais internacionais.","A pauta pode apresentar essa tecnologia emergente como possível resposta ao impasse sobre detecção de uso de IA em textos escolares, tema que já gera insegurança entre professores brasileiros. Especialistas em tecnologia educacional ou integridade acadêmica podem avaliar a viabilidade e os limites éticos dessa marca d'água como ferramenta de fiscalização escolar.",7
1745f09d9ac946d4,2026-08-24T11:15:37.647123+00:00,"Suneung could get essays, absolute grading in AI era - The Korea Herald",Coreia do Sul discute redações e correção com critérios absolutos no exame nacional por causa da IA,The Korea Herald,https://news.google.com/rss/articles/CBMiV0FVX3lxTE42bU4wczlHYWswYnBfV2xrNVByU1FpaUJ6SzYzeVRBQUlLTkxZekt3ZDdHYmYxTHh2R0FyU1lvQnUzajM1WWZ1QmpEVGlzbXlfWHNBTmIxRQ?oc=5,"A Coreia do Sul avalia mudar o formato do Suneung, seu exame nacional de acesso à universidade, incluindo mais redações dissertativas e um sistema de correção por critérios absolutos, como resposta à disseminação da inteligência artificial generativa entre os estudantes. A discussão surge porque o modelo atual, baseado em múltipla escolha e ranking comparativo, ficou mais vulnerável a fraudes e menos capaz de medir habilidades de escrita autênticas.","O caso mostra um país com um dos vestibulares mais competitivos e tradicionais do mundo repensando sua espinha dorsal avaliativa por causa da IA, algo que ainda não está na pauta do debate sobre o ENEM no Brasil.","Vale uma matéria comparando a reformulação em discussão no exame nacional sul-coreano com o formato da redação do ENEM e de vestibulares brasileiros, questionando se a IA generativa vai forçar mudanças semelhantes por aqui. Especialistas em avaliação educacional, linguistas aplicados ou pesquisadores de políticas de exames de larga escala podem comentar se critérios de correção absolutos são uma resposta viável ao uso de IA na escrita de estudantes.",8
c1f95c7a856e7772,2026-08-24T11:15:37.647123+00:00,The Results of Middle and High School Students Using AI Are Extremely Ominous - Futurism,Estudo aponta efeitos preocupantes do uso de IA por estudantes do fundamental e médio,Futurism,https://news.google.com/rss/articles/CBMiggFBVV95cUxPWk8yem05OFUwbkR3TnM3S2Vyc3lXdzJLOFViYUhzdGt4NklqdkJwXzZia21ZaFRHVkhwYUhWYU5iVkswUDRxWG8tUmpibW5EREVWdGU4SDJ4cnI5ajlOTGl3dnBLV2xTNVEwdXR5Nm9idzRGTVVuUkpDMGtlUnl6NjJn?oc=5,"Uma reportagem da Futurism destaca resultados negativos associados ao uso intenso de ferramentas de inteligência artificial por estudantes de escolas de ensino fundamental e médio, sugerindo prejuízos em habilidades cognitivas e de aprendizagem. O texto se soma a um conjunto crescente de pesquisas internacionais que questionam o impacto da IA generativa no desenvolvimento de competências básicas de leitura e escrita.","Contraria o discurso predominante de que a IA é sempre benéfica para a educação, trazendo um contraponto baseado em dados sobre prejuízos reais em sala de aula, tema ainda pouco explorado com profundidade na imprensa brasileira.","Uma pauta possível é investigar se há estudos ou dados equivalentes sobre o uso de IA por estudantes brasileiros do fundamental e médio, e o que psicólogos educacionais ou pesquisadores em cognição e aprendizagem dizem sobre os riscos do uso precoce e não mediado dessas ferramentas. Também cabe ouvir especialistas em letramento digital para discutir como equilibrar acesso à tecnologia com desenvolvimento de habilidades cognitivas fundamentais.",7
1cf47449eaba7b2a,2026-08-24T11:15:37.647123+00:00,Banning student AI use will let original thinking flourish again - Times Higher Education,Artigo defende que proibir IA nas universidades pode recuperar o pensamento original dos estudantes,Times Higher Education,https://news.google.com/rss/articles/CBMirgFBVV95cUxPdmNZOFJNMUZKakVfY0NkdmhiZjNjVkVVMWNHZm9lRXFlanFnQVoxU3p1RmFJWXFtb0FwY1RzWjJJazgwV21qbXhpb2xENlc1X1FwejVtOFROSGtXeXFxQmdfOHNPOVQ5a05SSkktVDE0Y3AyODVwQm1hMzBoMUszMGFMaGY2NndHWVFZcDVsN3lONkx1SlpfbUxuTDVyeUxTcUlLdnpwX0FXR2JZV1E?oc=5,"Um artigo de opinião publicado no Times Higher Education argumenta que restringir o uso de inteligência artificial por estudantes universitários pode ser o caminho para resgatar a capacidade de pensamento autônomo e original, hoje ameaçada pela dependência de ferramentas generativas. O texto propõe que o banimento, mais do que uma medida repressiva, funcionaria como incentivo pedagógico ao esforço intelectual genuíno.","O argumento vai na contramão da tendência dominante de incentivar a integração da IA no ensino superior, oferecendo um ângulo contraintuitivo sobre autoria e autenticidade que ainda não ganhou força no debate brasileiro.","A pauta pode explorar o contraste entre universidades que proíbem e as que incentivam o uso de IA, questionando se restrições rígidas realmente preservam a autoria e o pensamento crítico dos estudantes. Professores universitários de escrita acadêmica, pesquisadores de pedagogia do ensino superior ou especialistas em integridade acadêmica são fontes adequadas para comentar os prós e contras dessa medida.",8
44f4eb2d1424e60a,2026-08-24T11:15:37.647123+00:00,"FG launches nationwide AI training for 11,700 unity schools’ teachers - Vanguard News",Governo federal da Nigéria treina quase 12 mil professores em inteligência artificial,Vanguard News,https://news.google.com/rss/articles/CBMipwFBVV95cUxONzZmRTRRVElqR1FIMldRR2lXcHllUVZzLXNEdkdBcEVTdDRVai1VTno0SFQxUlRDZlJIbzlZaXJCOFFTRU03SWYyZk02cUNaRnZGMnJoUGRpQ2RrQ05QbDVLSmVnM0hyUXE4Q1gyWVVnNFgxTDhTcGhrbjVJY0EtQ3daYkpLT3JRNUY3Z1c1ZTFpZmhKTGpCS1JnMjFBOXltSkUxdXJlc9IBrAFBVV95cUxOVDRTeXlmTmpGVXlka3R5QVoyVG95TTIyS0NDWnA2bUd1NXZCR1lZREktUnVTWHBxRmpLeGtZdGNmQl82SmVBYlR1X2VEdUpzSWJyM0pOM1VDejdOVTdfbkFPNmZtanJ2eHhvWWFCdlZVX1B2N0ZneDdLcEtFS2hBYXRCOUdUTFFwUmdTSE50ZFFieldDRHNJeFZpV0R4V2RmOTJqcW96YWNpbEZ3?oc=5,"O governo federal nigeriano lançou um programa nacional de capacitação em inteligência artificial voltado a 11.700 professores das chamadas unity schools, escolas públicas de elite mantidas pelo governo central. A iniciativa busca preparar educadores para incorporar ferramentas de IA no ensino em larga escala.","É um exemplo raro de política pública de formação docente em IA em escala nacional em um país africano, contexto pouco presente na cobertura brasileira sobre o tema.","Cabe uma matéria sobre como diferentes países estão estruturando políticas públicas de formação de professores para uso de IA, usando o caso nigeriano como contraponto a iniciativas isoladas ou municipais no Brasil. Especialistas em formação docente e gestores de políticas educacionais podem avaliar se um programa nacional centralizado é um modelo replicável ou tem riscos de implementação apressada.",7
b92534355483be78,2026-08-24T11:15:37.647123+00:00,Harvard Is Selling a $699 Course Taught by AI Clones of Its Faculty - TechStory,Harvard vende curso de 699 dólares ministrado por clones de IA de seus professores,TechStory,https://news.google.com/rss/articles/CBMikgFBVV95cUxPZ1ZSSEJ0RXVndjFGalA3cGc2bURhOHBlanY4YkRSNVlfOEFOaXhuNXhQUDlPcjJqa21zYWFYcmhmWDk3ZkFLWmsyWWJoRjJpSTgzR3NGSm82RUxmNnBLSllPXzlCZEgyY0ZMbEk3eDBNWTlNU1REcTJZU05POGxHTzRQeGRFcm51UGtOM3dvbHV1QQ?oc=5,"A Harvard Business School passou a comercializar um curso online por 699 dólares em que o conteúdo é apresentado por avatares de inteligência artificial que replicam a voz e a imagem de professores reais da instituição. O produto levanta debate sobre os limites entre ensino autêntico, automação e a mercantilização da presença docente.","Uma das universidades mais prestigiadas do mundo vendendo aulas dadas por clones digitais de seus próprios professores é um caso extremo e ainda raro de como a IA está redefinindo a relação entre autoria, autenticidade e ensino.","Essa notícia rende uma matéria sobre os limites éticos e pedagógicos do uso de clones de IA no ensino superior, questionando o que se perde quando a figura do professor é substituída por uma versão automatizada. Especialistas em ética da educação, professores universitários e pesquisadores de tecnologia educacional podem comentar os riscos de precarização docente e de esvaziamento da autoria intelectual nesse modelo de negócio.",8
72c836c9b5d79987,2026-08-25T11:04:55.064990+00:00,"Schools are starting to teach AI literacy. For many, that means helping kids see chatbots' flaws - AP News",Escolas dos EUA ensinam alunos a identificar falhas dos chatbots de IA,AP News,https://news.google.com/rss/articles/CBMikwFBVV95cUxPRk1SLUJvRVNxcWFval8xUlN4d2xJWENEUlhPQWNzbl9HMnNlRWpoTHE5eXRFa1RoaV85R0dfUWZZNU9CUHExZ0Fxb1dJNUhWZ3JFYUE0dEFzYkNFQWJ2SFBGeEhVT2tGWmZ6ekQxY1BlU0w3UndlelVCU1FOU1JEYVpmYk16TGpIUVRKb2dwbHRNbjQ?oc=5,"Reportagem da AP News mostra como escolas americanas estão incorporando letramento em IA, focando em ensinar estudantes a reconhecer erros e limitações de chatbots. A abordagem inverte a lógica de adoção acrítica da tecnologia, priorizando pensamento crítico sobre respostas geradas por IA.","É um ângulo pouco explorado no Brasil, que ainda debate mais a proibição ou liberação de IA nas escolas do que o ensino explícito de suas falhas.","A pauta pode explorar como o letramento em IA está sendo redesenhado para focar em desconfiança produtiva em vez de apenas uso funcional das ferramentas, contrastando com o debate brasileiro ainda centrado em regras de uso. Um especialista em educação midiática ou letramento digital poderia comentar se essa abordagem crítica é aplicável ao contexto escolar brasileiro e quais adaptações seriam necessárias.",8
c04bfbeb12ecc65b,2026-08-25T11:04:55.064990+00:00,"When Teachers Rely on AI, Student Engagement Drops, Study Finds - future-ed.org",Estudo aponta queda no engajamento de alunos quando professores dependem de IA,future-ed.org,https://news.google.com/rss/articles/CBMikgFBVV95cUxPcUNZWWp0U1BheVNpWTRDdldzdnZobmRXTWZlcDZ5cmgzTkE1dTNwQllYS1I3MTM5SjlLdGFoWkVqXzlMQWtRQURyRUIzUGd1aXJVNjhBbE9lMlh3VF9jMm1UbnJ5NEdma0VkZWl4cTJ2OHd5SDRFdzlSSFliMTRIMi1PeTZkb095RXZHaENNWVhLdw?oc=5,Uma pesquisa recente indica que o uso intensivo de inteligência artificial por professores para preparar aulas ou corrigir atividades está associado a menor engajamento dos estudantes. O achado contraria a expectativa de que a IA liberaria tempo docente para atenção mais personalizada.,"O resultado é contraintuitivo, já que a promessa comum da IA na educação é aumentar a qualidade do ensino, não reduzir o envolvimento dos alunos.","Vale uma matéria que questione o discurso predominante de que a IA sempre melhora a experiência de aprendizagem, trazendo dados que sugerem o contrário quando o uso é feito pelo professor sem mediação pedagógica cuidadosa. Um pesquisador em tecnologia educacional ou formação docente pode analisar os riscos de terceirizar o preparo de aulas para ferramentas automatizadas.",8
f04ca4bcaa6a11d1,2026-08-25T11:04:55.064990+00:00,"GenAI cannot accurately grade student essays in higher education, study finds - Phys.org",Pesquisa mostra que IA generativa erra ao corrigir redações no ensino superior,Phys.org,https://news.google.com/rss/articles/CBMifEFVX3lxTE1melpNRG1WdlEwZTdLdTBaQ0FDeGMwNUFUeGk4YnJpa3dyVkZaWTAtZEg3anVsUTVUeFJQRkpFVGRPczZEdk8wTnh5Njc3VHBveW5DN0llSmFHbkhHQnZHaHJqWFpiR2RFQkZZRG91SVduTV9mNFlHdDZRN2w?oc=5,Um estudo publicado no Phys.org concluiu que ferramentas de IA generativa não conseguem avaliar com precisão redações de estudantes universitários. A pesquisa aponta inconsistências e vieses nos critérios de correção automatizada.,"O tema é central para o debate brasileiro sobre uso de IA em correção de redações, especialmente com o Enem e vestibulares, mas ainda carece de estudos internacionais citados na imprensa nacional.",A reportagem pode discutir os limites da correção automatizada de textos justamente quando escolas e universidades brasileiras começam a testar essas ferramentas em larga escala. Um especialista em avaliação educacional ou linguística aplicada poderia comentar os riscos de confiar em IA para julgar qualidade textual e argumentativa.,8
97e737cf5e490b36,2026-08-25T11:04:55.064990+00:00,"La IA en el aula: 18% más nota, 20% menos aprendizaje - El Ecosistema Startup",Estudo relaciona uso de IA em sala de aula a notas mais altas e menos aprendizagem real,El Ecosistema Startup,https://news.google.com/rss/articles/CBMihwFBVV95cUxPNmZ6OUtHUlN2QklFa2lDRjNqdDBqTXRKTlhJVER4ZEhsZ0NfQnRxa0EzV2Z5OGpSMk5MeWI1Wng5ZjBLYlNqTlhoNlk0U1JUVUpqai1ObVZ2aXBvNUlfUEdOWGs4bDNoRmJlQ0dvUUhKTkRUcnQyRE9Qa1NjZlgwOUpya3ZNSEE?oc=5,"Uma pesquisa mostra que o uso de inteligência artificial por estudantes está associado a um aumento médio de 18% nas notas, mas a uma queda de 20% no aprendizado efetivo. O achado reforça preocupações sobre a diferença entre desempenho aparente e domínio real de conteúdo.","O contraste numérico entre nota e aprendizagem é um dado forte e pouco discutido no Brasil, onde o debate ainda é mais qualitativo do que quantitativo.","Pode virar pauta sobre como métricas de avaliação escolar podem estar sendo distorcidas pelo uso de IA, questionando se as notas ainda refletem aprendizagem real. Um especialista em avaliação educacional ou psicometria poderia comentar como esse descolamento entre nota e conhecimento afeta políticas educacionais baseadas em desempenho.",7
5c5ea1d851438e17,2026-08-25T11:04:55.064990+00:00,L'UNESCO définit 15 compétences fondamentales en IA pour les enseignants. - Vietnam.vn,Unesco define 15 competências essenciais de IA para professores,Vietnam.vn,https://news.google.com/rss/articles/CBMiggFBVV95cUxNNV9iclk0aFM3NS1pTldKbjVaMVQyaEZjMkFsNXl3UnMzam13QlBfdzdLNjgwcmZzUTNJSnRNOXFuSDBBeHVycFpBVVZWRFNrV3RyQjBQb3dha1Q0NHJhcEpLdzR5aGRfWEFJUUdwTWpiby1CaE4tWF9NTXFtSTI1TTdR?oc=5,A Unesco lançou um framework com 15 competências consideradas fundamentais para que professores usem inteligência artificial de forma pedagogicamente responsável. O documento busca padronizar formação docente em IA globalmente.,"É uma política internacional recente que pode influenciar diretrizes futuras no Brasil, mas ainda não foi amplamente comentada pela imprensa nacional.","A matéria pode comparar as competências propostas pela Unesco com o que já existe na formação de professores brasileiros, avaliando lacunas e possibilidades de adaptação curricular. Um especialista em política educacional ou formação continuada de professores poderia avaliar a viabilidade de aplicar esse framework no contexto brasileiro.",7
444f6537d4c96213,2026-08-25T11:04:55.064990+00:00,Strengthening Foundational Skills in the AI Era: Three Law Schools Reform Teaching and Exam Formats - Singapore Law Watch,Faculdades de direito em Singapura reformulam provas para lidar com a era da IA,Singapore Law Watch,https://news.google.com/rss/articles/CBMi2AFBVV95cUxPSG9EZk1Uby1vMFVLbTdyOTFwNm1oQXY1RS1EbklyekZKX3R5Qm10ay11OWRuSzlqNVZPUzU4UFpRVDhIVk04MzVaS0ZpY3otenNrdldiNUNGWHBGWEJYM3ZCR25vUTVFekN6TVR3aXJZYWg1YzMwSW5qdVROZVdrbUpVVzZoVXQ1N0pBOXJvWDAxYUo2YmkzVGJaNHQzTm5ENTIyZC1fblJJdWxPa1hwY0FGcUR6VDFCMlZVdGRyVWNWTUNLV3I1eGsyb18xeEVYT000cDNlUjc?oc=5,Três escolas de direito em Singapura estão mudando formatos de ensino e avaliação para reforçar habilidades fundamentais dos alunos diante do uso disseminado de IA generativa. As mudanças incluem novos formatos de exame que dificultam respostas geradas automaticamente.,"É um caso concreto de instituição de ensino superior reagindo institucionalmente à IA com mudanças estruturais, algo que ainda é incipiente nas discussões sobre ensino superior no Brasil.","Pode ser pauta sobre como universidades ao redor do mundo estão repensando avaliação e autoria diante da IA generativa, trazendo esse caso como exemplo de reforma institucional concreta. Um especialista em direito educacional ou avaliação de aprendizagem no ensino superior poderia comentar se mudanças semelhantes fazem sentido para cursos brasileiros.",7
c1b410cefeeb2cc8,2026-08-26T11:16:44.118869+00:00,AI tends to mark students’ essays higher than humans – study - Times Higher Education,Estudo revela que IA tende a dar notas mais altas que professores humanos em redações,Times Higher Education,https://news.google.com/rss/articles/CBMilgFBVV95cUxNM0txOFQ0cmdacVVCanFyeEZ6TmRpaVBHQmx1MUtfOGpETkNKcWJ2VXhZRHNMVlFZX25rZnk5UF9uajJyTDdfTGpDZEFBcGR5a2ViUkc5c3JDLWN2NlhIZGo2WW5naEp5bmNFMVBpcjVYaGY2TkdTUUMtY3Z0TThXSDgxV1d4RE0zZFp3aU1xcmNxcVlHcGc?oc=5,"Uma pesquisa britânica comparou avaliações de redações feitas por inteligência artificial e por professores, constatando que os sistemas de IA costumam atribuir notas mais generosas. O estudo levanta questões sobre a confiabilidade da correção automatizada em contextos educacionais.","O achado é contraintuitivo porque muitos educadores brasileiros já usam ou cogitam usar IA para corrigir textos, supondo neutralidade ou rigor equivalente ao humano, quando na verdade pode haver um viés sistemático de leniência.","Essa pesquisa pode virar matéria sobre os riscos de terceirizar a correção de redações para sistemas de IA, especialmente em um momento em que escolas e cursinhos brasileiros começam a adotar essas ferramentas para agilizar a avaliação de textos. Um especialista em avaliação educacional ou em linguística aplicada poderia comentar se esse viés de nota mais alta compromete a formação crítica dos estudantes e como equilibrar tecnologia com julgamento humano na correção de redações, tema especialmente sensível no contexto do Enem e de vestibulares brasileiros.",9
a3ca1ca8af30a532,2026-08-26T11:16:44.118869+00:00,Is this America’s Jason Arday? The Black novelist in an AI scandal - The Independent,Romancista é acusado de usar IA para escrever obra e gera debate sobre autenticidade literária,The Independent,https://news.google.com/rss/articles/CBMisgFBVV95cUxPS25ub2lWNTFvWXd0VzEtWE8yalhIQ1NxWm5FeHJWelBZWE9yQUNYSlZ6N2c2VTJpQ1RnSF9pbDFETzZYb3NhUXhFQlVuT3lfT2FFcnk5UGN0TEVKS1RKbnh0U1J5WmdhVzZPUDVJSXg4UmFhUmdsOVdMbEVsOHZyMUw3UW91V0hWRjhERm5OTXRSRlJHQkJSWWtqMmFxQkJSZDByRm11RV9UQ24zOHVvOFFR?oc=5,"Um escritor foi flagrado em um escândalo envolvendo suspeitas de uso de inteligência artificial na produção de sua obra literária, gerando repercussão na imprensa internacional. O caso reacende discussões sobre autoria e originalidade na literatura contemporânea.","O episódio é curioso porque expõe as fronteiras cada vez mais nebulosas entre criação humana e assistência de IA na literatura, um debate que ainda não ganhou tanto destaque nas redações brasileiras como vem ganhando na crítica literária internacional.","O caso oferece gancho para uma matéria sobre como a IA está desafiando noções tradicionais de autoria na literatura e no mercado editorial, um debate que também atravessa as salas de aula brasileiras quando alunos usam ferramentas de IA em redações e trabalhos escolares. Um crítico literário ou pesquisador de teoria da autoria poderia comentar como identificar e lidar com essas fronteiras esmaecidas entre criação humana e assistida por máquina, tanto na literatura profissional quanto na escrita escolar.",8
b0ea9d8f89bf6476,2026-08-26T11:16:44.118869+00:00,'It's relentless': The AI robot preparing teachers for school conflict - ABC News & Headlines – Australian Broadcasting Corporation,Robô com IA treina professores australianos para lidar com conflitos em sala de aula,ABC News & Headlines – Australian Broadcasting Corporation,https://news.google.com/rss/articles/CBMiswFBVV95cUxOR0pUdWpVekdidkIxRlE2dEZ3dkVHbkh3YU5kcGI3cjkwQV9xU3RJRjZrYUtqc3duYjJsMjNFd3V4RG1xbHFPbGVQZ0hmZUhrdjZxbkpJUk1JOXBfaGY3amdNY3ROWVZRME1zNW9YMjNaUFNuMHQtOWVRV1FLN2VjeDBWSFg5dHBCY3EwMjg4VDBoUjFxVFl6QThZYW80NElYT1hVdW9NcUhVWkp6Y0lObTNJbw?oc=5,Escolas na Austrália estão usando um robô equipado com inteligência artificial para simular situações de conflito e preparar professores para lidar com comportamentos difíceis dos alunos. A ferramenta busca suprir lacunas na formação continuada de docentes.,"É um uso pouco explorado de IA na educação, que foge do óbvio (correção de textos ou tutoria) para entrar em um território mais humano e emocional: a gestão de conflitos, o que desperta curiosidade e ceticismo ao mesmo tempo.","Essa iniciativa australiana pode inspirar uma reportagem sobre novas fronteiras da formação de professores mediada por IA, indo além do ensino de conteúdo para o treinamento socioemocional e de gestão de sala de aula. Um especialista em formação docente ou em tecnologia educacional poderia avaliar se esse tipo de simulação tem potencial real para o Brasil, país que enfrenta desafios significativos de indisciplina e despreparo de professores para lidar com situações de conflito escolar.",8
fb8d174b750c2933,2026-08-26T11:16:44.118869+00:00,"Schools Spend Billions on AI, But Struggle to Figure Out What’s Worth Buying - Education Week",Escolas americanas gastam bilhões em IA sem saber avaliar o que realmente funciona,Education Week,https://news.google.com/rss/articles/CBMitwFBVV95cUxPN0hHeHhVTnZrM3ROUy01N2o3WmFodFRvQnNJMmg2TXRFYzhJTlQxaVB6T0J6WUJrQ3Q5S01JNEltckFvQTkxY2NqZjhqYndxeU5lZGtSdnJFM191RjZySTVjNjlPbTlrS3c2OW1GODJHS1FFOTdwZm1EeHFOWi1hTGJ0RVBDaHFhWkJPSEcxUUpLMnhZUFc0d2Q5TFJNenFTa3pVbXVqOFRqeTVnWjZhX1ZzU2lsZG8?oc=5,"Reportagem do Education Week mostra que distritos escolares nos Estados Unidos têm investido somas bilionárias em ferramentas de inteligência artificial, mas enfrentam dificuldade em medir a eficácia real dessas tecnologias. A falta de critérios claros de avaliação gera desperdício de recursos públicos.","O caso é revelador porque mostra o descompasso entre o entusiasmo tecnológico e a evidência pedagógica, um problema que tende a se repetir no Brasil conforme redes de ensino também passam a comprar soluções de IA sem parâmetros de eficácia.","A matéria pode servir de alerta para gestores educacionais brasileiros que avaliam investir em ferramentas de IA, mostrando como mesmo redes de ensino ricas como as americanas enfrentam dificuldade em separar tecnologia eficaz de modismo caro. Um especialista em política educacional ou em avaliação de tecnologias de ensino poderia comentar quais critérios deveriam nortear a compra de ferramentas de IA por escolas e secretarias de educação no Brasil.",7
5a69f4de2e90ecc9,2026-08-26T11:16:44.118869+00:00,"« ChatGPT, peux-tu égaliser les chances en éducation ? » - La Presse",Debate no Canadá questiona se o ChatGPT pode reduzir desigualdades na educação,La Presse,https://news.google.com/rss/articles/CBMiqgFBVV95cUxNbFIteGh5eGxlLWhkUm85TEI4eVVOQWFrdWlxQkNuVUdlYXVaNGtlUU9jMmNrRURtbjRtaGM5ZEg1UjR5SzJtZkhkZ1ZsQVBEWmlQTzZYVUdFeFVPZW9LTDdnQ25hc0Rhc3pCSzBMT3o1RWMtek5BbDNIZFByTFAzSWJJNkRZRzdFVmhWcTFZSGlWbzFKd3BLeEJCUUZUQU9EOTgtc01VUEpDQQ?oc=5,Um artigo do jornal canadense La Presse discute se ferramentas como o ChatGPT podem de fato diminuir disparidades educacionais entre estudantes de diferentes contextos socioeconômicos. O texto pondera tanto o potencial democratizador quanto os riscos de aprofundar desigualdades de acesso.,"O tema é relevante para o Brasil, país marcado por desigualdades educacionais profundas, mas a discussão ainda é pouco desenvolvida na imprensa brasileira sob essa lente específica de equidade mediada por IA.","A reportagem pode motivar uma pauta sobre o potencial e os limites da IA generativa como ferramenta de equidade educacional no Brasil, questionando se o acesso desigual à internet e a dispositivos anularia qualquer benefício pedagógico do ChatGPT para alunos de baixa renda. Um pesquisador de políticas educacionais ou de tecnologia e desigualdade poderia comentar experiências brasileiras similares e os riscos de ampliar o fosso digital em vez de reduzi-lo.",7
a41041f2d72eeb92,2026-08-26T11:16:44.118869+00:00,National artificial intelligence competency framework for teachers launched in Egypt - Unesco,Egito lança marco nacional de competências em IA para professores,Unesco,https://news.google.com/rss/articles/CBMisgFBVV95cUxOWElPcXY3TDFSWGZjbU9kbUMwcUtrYjctMFNTN0JVUzZlTXhaMEc2amlndGVnN1VXR2JjUEZQakFXNEtsZkJpVld0aElIU1VmbW1FdDZYeERRV2QtVk9zS1dlYmZPYWRsZlZQX0JjejBaczFfWGIyZ2dmT1ZFTDMxWHpFLVZtak5Ta1hJUGY5R3dMX3A3NWJvLU80ZXRDbTJRSnBjUDZqczRjVGpaMlBZZWlR?oc=5,"O governo egípcio, em parceria com a Unesco, lançou um framework nacional definindo as competências que professores devem desenvolver para usar inteligência artificial em sala de aula. A iniciativa busca padronizar a formação docente em todo o país.","É um exemplo raro de política pública estruturada e nacional para formação de professores em IA, que contrasta com a abordagem ainda fragmentada e municipal ou escolar isolada observada no Brasil.","O caso egípcio pode servir de contraponto para uma matéria sobre a ausência de uma política nacional brasileira de formação docente em inteligência artificial, mostrando como outros países já avançaram em diretrizes estruturadas enquanto o Brasil ainda depende de iniciativas pontuais de escolas ou redes municipais. Um especialista em formação de professores ou em política educacional poderia comparar os modelos e discutir a viabilidade de um framework nacional similar no contexto brasileiro.",7
de5ad97a39b8a36b,2026-08-28T21:49:55.367629+00:00,"AI Tends to Mark Students’ Essays Higher Than Humans, Study Shows - Inside Higher Ed",Estudo mostra que IA corrige redações com notas mais altas do que professores humanos,Inside Higher Ed,https://news.google.com/rss/articles/CBMiwgFBVV95cUxQSHEyUU9xZDVvTVVGWm80WU5VbTZvMThHdVBDeGNkcy16dzdEOHFnVG95SVQ4TE5ZNkdXOE9tMGQtblh1UnJFNmlYcDZscnlCY21mTk5rVUhZWlU2R2ZGWmw1d0x6cWROeHE5bENGWWNyc2NPeVdHOFl5bkVNaG9jSF8yMERUUmdESm1HdFBROFRYanJ4SERRR0FlWE9Wb2ZyRzE0NWJOakxXT2VhU3ZSOGlvUEJnMDZxelJORC1PUnhOdw?oc=5,"Uma pesquisa recente comparou a avaliação de redações de estudantes feita por sistemas de inteligência artificial com a correção de professores humanos. Os resultados indicam que os modelos de IA tendem a dar notas mais generosas, levantando questões sobre critérios de rigor e consistência na correção automatizada.","O achado é contraintuitivo porque muitos educadores brasileiros já usam ou cogitam usar IA para corrigir textos, supondo que ela seria mais neutra ou rigorosa do que um humano, quando na verdade parece ser o oposto.","A reportagem pode explorar o que esse viés de complacência da IA significa para escolas e universidades brasileiras que estão adotando ferramentas de correção automatizada de redações, especialmente em contextos de vestibular e Enem. Um especialista em avaliação educacional ou em linguística aplicada poderia comentar os riscos de distorção nos critérios de nota e como isso afeta a formação de escritores em fase de aprendizagem.",9
94d2296e439fe4bc,2026-08-28T21:49:55.367629+00:00,CT teachers bring on pens and paper to combat students’ AI use. The ‘enemy of human thought’ - Hartford Courant,Professores nos Estados Unidos voltam a exigir papel e caneta para combater uso de IA por alunos,Hartford Courant,https://news.google.com/rss/articles/CBMirAFBVV95cUxOOUEtUjJJOU0tNDFzLUtlSS1LS3RrUmMtdnJvclBHWFd1XzdvSUktTTZudl9RamxNa21aTkdNc3RGa0hDeWJtX2t2Qnk2X1Y3Tm5nNmxPT09BWE1xSzRqakhBOWI5NkNiMGVkMjB1SzVZMmtjdzQ3MXJ4SGoyMlo0TE4weExZNG5IY3RULWN5OWw4SFloeEFJcmR5eXdMQWgxLXBIaUFwZGlUMzJL?oc=5,"Escolas em Connecticut estão retomando atividades escritas à mão como forma de garantir que os alunos pensem por conta própria, em reação ao uso disseminado de chatbots para fazer tarefas. Um professor chegou a chamar a IA de 'inimiga do pensamento humano'.","É uma resposta de baixa tecnologia a um problema de alta tecnologia, o que soa contraintuitivo em um momento de corrida por digitalização das escolas, e pode gerar debate sobre autenticidade e autoria na escrita escolar brasileira.","Vale uma matéria sobre como escolas brasileiras estão lidando com o mesmo dilema, se também há movimento de volta ao papel e caneta como estratégia pedagógica. Um especialista em alfabetização ou em políticas educacionais poderia avaliar se essa é uma solução eficaz ou apenas paliativa diante da presença da IA na vida escolar.",8
f2697f2dced22f5e,2026-08-28T21:49:55.367629+00:00,I caught my students using AI to cheat in an exam — here’s what universities must do to stamp this out - Nature,Professor relata como flagrou alunos usando IA para colar em prova e propõe mudanças nas universidades,Nature,https://news.google.com/rss/articles/CBMiX0FVX3lxTE8zUEM1bmhtUG8xeU0xWmF6TnktSDBCRnlLUFlDZWljbnhJWWtGTXVORF9yWERlQkJTY2ZkVnA2aDByMVI0SXZvUVoybERaaUlGVTItbGxac09EQlJRS1N3?oc=5,"Um acadêmico publicou na revista Nature um relato em primeira pessoa sobre ter identificado estudantes usando inteligência artificial durante uma avaliação, e a partir disso defende medidas concretas que universidades deveriam adotar para lidar com o problema. O texto combina testemunho pessoal com propostas práticas de política acadêmica.","É um relato direto e pouco comum de dentro da sala de aula, escrito por quem vivenciou o dilema de flagrar a cola por IA, o que humaniza uma discussão geralmente tratada de forma abstrata nos jornais brasileiros.",A matéria pode usar esse relato como gancho para investigar como universidades brasileiras estão criando ou não políticas específicas contra o uso indevido de IA em provas e trabalhos. Um especialista em integridade acadêmica ou direito educacional poderia comentar quais medidas seriam viáveis no contexto brasileiro.,8
738edcc7c00f5f17,2026-08-28T21:49:55.367629+00:00,"Edouard Geffray : “Si vous avez 300 mots de vocabulaire, vous serez le jouet de l’IA. Avec 4 000, l’IA sera votre jouet” - Le Nouvel Obs",Autoridade educacional francesa associa tamanho do vocabulário à capacidade de dominar ou ser dominado pela IA,Le Nouvel Obs,https://news.google.com/rss/articles/CBMigAJBVV95cUxOaDJoVDg1elhGRzh0a04wQzZ2bmdCNXU2Tm1rU3RWY1dSeWtzQ2JLX0RIZWVxUldMVmJUa000SzhoaDdoWXB5dGZSZnc3bG5yUFUybVpFMWV0S0pkVTYyYWgzeWhNM2k5ZUZrUE10NlhVRU1JZU1lQ2ZOOExDV2lwMjhCX2FENGpXc0ZPcFJHUE5HVlBKQXlnckh6OVZJV1l2Uk91YXFMN1RUVzhMUkZ1SDJEcEtmelRjanYxNFd0T2JmUkgzSTRzM1d6T1lubmdWZ2lyeWNWTDVXZlZtSzlJWlUtQ1RWMXQwTzZhUEdPc1BhYm56Q3daUHRsSi1aYkxk?oc=5,"Em entrevista a um veículo francês, um dirigente da educação afirmou que quem tem vocabulário restrito corre o risco de ser manipulado pela inteligência artificial, enquanto quem domina um repertório amplo de palavras consegue usar a tecnologia a seu favor. A declaração relaciona diretamente letramento e autonomia diante de ferramentas de IA.","A frase provocativa conecta um tema clássico da educação, o vocabulário e a leitura, a um debate novo sobre dependência tecnológica, algo que ainda não ganhou essa formulação direta na imprensa brasileira.",Essa declaração pode virar disparador para uma reportagem sobre a relação entre letramento e uso crítico da IA nas escolas brasileiras. Um especialista em linguística ou em políticas de leitura poderia discutir se o argumento se sustenta e como isso poderia orientar currículos de língua portuguesa.,7
89a2fac4a50e3301,2026-08-28T21:49:55.367629+00:00,Why I Stopped Fighting AI in My Classroom and Started Teaching With It - Time Magazine,Professora conta por que parou de proibir IA em sala de aula e passou a ensinar com ela,Time Magazine,https://news.google.com/rss/articles/CBMiqwFBVV95cUxNM2czdWpxU1R1ODVRcmpidFNkbHYxMTRRR3poQ1FQTFB5UUFHRTlVR2lQYjB3UTFYVFJvZGhKTlpEYURKWnRxY1BMM0lydTBkVG5VUGh6TGVaUG9nUGY5QkZQczFWM2FNdTZyMkxRejlZNnhTTjZIRjZXbnFsbTc1cUtqSTlGVElFLXFJNjUxRFNSak5sd3FSOFR4cldkaHRVOVBla3lNMDA0RU0?oc=5,"Em artigo de opinião para a revista Time, uma educadora relata sua mudança de postura em relação ao uso de inteligência artificial pelos alunos, passando de uma posição de combate para uma de incorporação pedagógica. O texto detalha estratégias práticas adotadas em sala de aula.","O relato foge do discurso binário entre proibir ou liberar totalmente a IA, trazendo um meio-termo pouco explorado na cobertura brasileira sobre formação docente.","A reportagem pode buscar professores brasileiros que tenham passado por transição semelhante, de resistência à incorporação da IA no ensino de escrita e literatura. Um especialista em formação docente poderia comentar quais competências os professores precisam desenvolver para fazer essa transição de forma responsável.",7
86ab87260edbf80a,2026-08-28T21:49:55.367629+00:00,Senior academics warn of AI cheating ‘crisis’ at universities - The Times,Acadêmicos seniores alertam para 'crise' de cola com IA nas universidades britânicas,The Times,https://news.google.com/rss/articles/CBMimgFBVV95cUxOQUxfaVlYTWdxb3U2VVNIcG9SempTdkhRVVlRSzZsMEE5dWxDd1VrbFQyR3d1WllPd2RmUndxR3lMUjVuTEVoS3RpbFNld0xEZ19sN3hnMjR6bDd0cHNXX0FOVEJHY0xLczFKZlp1WWJmb3dYUlZrR3M5ZzV2dVdjOUpPeTdvbnZ4RlVHWGJsb1YyZVVmTnZnSkFn?oc=5,Professores experientes de instituições de ensino superior no Reino Unido declararam publicamente que o uso de inteligência artificial para fraudar trabalhos acadêmicos atingiu um nível de crise. O alerta aponta para a dificuldade das universidades em detectar e coibir esse tipo de prática.,"O uso da palavra 'crise' por acadêmicos seniores, e não apenas por comentaristas de tecnologia, indica que o problema já é visto como estrutural nas universidades tradicionais, o que contrasta com a abordagem ainda tímida do tema no ensino superior brasileiro.",Uma matéria pode investigar se universidades brasileiras enfrentam nível semelhante de preocupação institucional em relação a fraudes acadêmicas com IA. Um especialista em ensino superior ou integridade acadêmica poderia comparar os cenários e sugerir políticas de enfrentamento.,7
7f4f9d5092fc7a05,2026-08-29T10:07:12.181406+00:00,Alpha School wants AI to teach a billion kids. Should it? - Scientific American,Escola nos EUA aposta em IA para 'ensinar' um bilhão de crianças,Scientific American,https://news.google.com/rss/articles/CBMiowFBVV95cUxQMnZZcDd2VURxVXR6Zm82bkZGRnd2M044T2tKWi1fYnVkOGRrU3lGaXh5V2xBaUw0S1c2ODJnVFB6ajhIOGZSclJvU1Z0a0oxTFZDMmxpaVB4T2JLdzFxeVZIX2FpUmRDT25wM1FST3d0azUyRTFDd2IweG1WaFFUQk0wT0YxcmU4c3RWSHJXX3Z1bTNZaHpWMW5zbElqOUlRTHpj?oc=5,"A Alpha School, rede de ensino privado dos Estados Unidos, promete escalar seu modelo de aprendizagem guiado por inteligência artificial para atender até um bilhão de estudantes no mundo. O método reduz o tempo de aula presencial e delega parte do ensino a plataformas adaptativas, com professores atuando como mentores em vez de instrutores tradicionais.","O caso expõe até onde uma escola de elite está disposta a ir ao substituir a mediação humana por algoritmos, um experimento de escala inédita que ainda não tem equivalente discutido no Brasil.","A reportagem pode explorar os limites e riscos de terceirizar a mediação pedagógica para sistemas de IA, contrastando a promessa de personalização em massa com evidências sobre desenvolvimento socioemocional e formação crítica. Um especialista em tecnologia educacional ou um pesquisador de currículo poderia avaliar se esse modelo é replicável em redes públicas brasileiras ou se serve apenas a nichos privados de alto custo.",8
84013e50fe40fe95,2026-08-29T10:07:12.181406+00:00,"Comedians Are Trolling AI, and the Jokes Are Landing - Vanity Fair",Comediantes fazem da IA alvo preferido de piadas nos Estados Unidos,Vanity Fair,https://news.google.com/rss/articles/CBMilAFBVV95cUxPNzVpV2FQbndXdzJranZLV2tYM1ZuRVhTZk1SeU9haUkyWklmNkgtZkxXZzlnc3BLQWctX0xlcWdzSUFuR1c4aVByZnU4NTBFbmlJLXJGZ0x3Y3VHNG5hbXJXVS00bUFiNFByajJ0VVpMakI0cGU0TnR5cUd4eVFjMTFvcnVLV05PUHBiZUJHOEVDVkZw?oc=5,"Comediantes americanos têm dedicado cada vez mais espaço em seus shows para zombar da inteligência artificial, explorando erros, promessas exageradas e o desconforto social gerado pela tecnologia. Segundo a reportagem, esse tipo de humor tem conquistado grande audiência e engajamento.","O fenômeno mostra o humor funcionando como válvula de escape diante da ansiedade coletiva provocada pela IA, um ângulo pouco explorado na cobertura brasileira sobre o tema.","Vale investigar por que o humor se tornou uma resposta cultural recorrente às crises de autoridade e sentido trazidas pela IA, e se esse tipo de crítica cômica já aparece na comédia brasileira. Um pesquisador de humor, comunicação ou cultura digital poderia comentar como a piada funciona como forma de processar coletivamente o medo da substituição tecnológica.",8
6932389fa248bff3,2026-08-29T10:07:12.181406+00:00,Une adoption à géométrie variable de l’IA dans le réseau scolaire - Le Devoir,Rede escolar do Quebec adota IA de forma desigual entre escolas,Le Devoir,https://news.google.com/rss/articles/CBMiogFBVV95cUxPQ2pFSE5TZzluajFfOHhkSUhycjQ1ZWRKdnlwWVQzd28ycEI3Mi1JUW9JbklmY0ZvV0pzZ3lGRjJueDNBQm5DRFFsb1p5UEVNY1NXMlBKdmlxZ3c0dUViTXlLOU5IbVpubkRaQnhjTU9BbFItMnk5MWxvNl9JbjFNS00wQnRxNERQc1g1VDd0OVhWa3NoWHFIMGJLXzBVVEx1bHc?oc=5,"Uma reportagem do jornal Le Devoir mostra que a adoção de inteligência artificial nas escolas da província canadense do Quebec varia muito entre instituições, com diferenças de infraestrutura, formação docente e diretrizes claras. O texto aponta lacunas na capacitação de professores para uso pedagógico da tecnologia.","O caso quebequense ilustra um problema que tende a se repetir no Brasil, a desigualdade na adoção de IA educacional, mas com dados e políticas públicas de um sistema escolar historicamente considerado referência.","A pauta pode comparar a situação do Quebec com o cenário brasileiro, onde a desigualdade de acesso à tecnologia entre redes públicas e privadas também é crônica. Um especialista em política educacional ou formação docente poderia comentar se a experiência canadense oferece lições aplicáveis à realidade brasileira, especialmente sobre formação continuada de professores.",7
50f8c98dc54cf36b,2026-08-29T10:07:12.181406+00:00,"Former 30 000 enseignants à l'IA, créer un « noyau d'innovation » dans les écoles. - Vietnam.vn",Vietnã planeja treinar 30 mil professores em inteligência artificial,Vietnam.vn,https://news.google.com/rss/articles/CBMikgFBVV95cUxPVzVUY3hERGM3XzNTMW1CbDlubWF2OXZ1UWllNmc0ZExUN3J5NFdDZzk5NE9LSHprZXlOTG5KdTRmdVV6SlBNQmlWYy1OQlJQdXpmS1hrX3ViMW5Yb1JiQU1YejI0dVNvbkFTcS1NRXljUy1NbHlqdEd5X0VicnVTbDhDUEVqTDJrcVNYRVpPUXpYUQ?oc=5,"O governo do Vietnã anunciou um programa para capacitar 30 mil professores no uso de inteligência artificial, com a criação de núcleos de inovação em escolas selecionadas como projeto piloto. A iniciativa faz parte de uma estratégia nacional de modernização educacional.",A escala do programa e o protagonismo estatal em um país asiático pouco coberto pela imprensa brasileira tornam o caso um contraponto interessante às iniciativas mais fragmentadas de formação docente vistas no Brasil.,"A matéria pode detalhar como funciona esse tipo de programa de capacitação em massa, quem paga a conta e que resultados pedagógicos são esperados, comparando com a formação de professores brasileiros para uso de IA em sala de aula. Um especialista em formação docente ou política educacional comparada poderia avaliar a viabilidade de um programa nesses moldes no Brasil.",7
6519003920fc1b25,2026-08-30T10:07:34.112829+00:00,‘Not about preventing AI misuse’: S’pore universities move from grading essays to assessing thinking - The Straits Times,Singapura muda avaliação universitária: de corrigir redações a avaliar o raciocínio dos alunos,The Straits Times,https://news.google.com/rss/articles/CBMi6wFBVV95cUxOZGhWalJhLTBHbjF6VGcxYlJtbDcwaUU2NUJweGtHVks3MEQ5TWpyazFZZUY2TmJhWnFsbnN5ajF1V3dYOGJmeWR4SUh0TEFkblRxSVd5N01DbC1GdUlPd2kzY3ZZLWpNMUtYTUxaNHVYcU1QWHJxQXNVdHN6T0VlaE4ydVJKdWZ3ZjNEUHVhOFJqU2NsM0Z2dmJURWhRaTFkMVF1SmRDa0hQS1I5RHNMajJIdFhfSlg1Ny0xQ0NVckpMSTdJV0tDemtsV0VGRU1kTWhhay1nc3JtN296Ym5Ka2J4YjBtSUVVdDRR?oc=5,"Universidades de Singapura estão reformulando seus métodos de avaliação, deixando de focar exclusivamente na correção de ensaios escritos para avaliar o processo de pensamento dos estudantes diante da IA generativa. A mudança é apresentada não como uma forma de impedir o uso indevido de IA, mas como uma redefinição do que significa aprender e demonstrar conhecimento.","O ângulo é contraintuitivo porque inverte a lógica comum de 'proibir a IA' para 'redesenhar a avaliação em torno dela', algo ainda pouco discutido no debate educacional brasileiro. Também é um caso concreto de política institucional, não apenas uma opinião ou alerta genérico.","Vale uma matéria explorando como universidades brasileiras poderiam repensar métodos de avaliação diante da IA generativa, usando o caso de Singapura como contraponto ao debate nacional ainda centrado em detectar plágio. Um especialista em avaliação educacional ou design curricular poderia comentar se essa mudança de paradigma é viável no contexto do ensino superior brasileiro e quais seriam os desafios práticos de implementação.",8
bc0b6ba2b4a2c12a,2026-08-30T10:07:34.112829+00:00,How universities undermine assessment - The Critic,Artigo britânico questiona se as próprias universidades estão minando a avaliação acadêmica,The Critic,https://news.google.com/rss/articles/CBMib0FVX3lxTE5rMjFzdkRRNGxWRjR3Ym82Q0g5RHEya0VZMHJtZjllRENzbUctWDNLZHhfRVA1TGllX0VQcXE2Zm5acWxJRkdUTXlmU1VHdFBTSVVFRHpwSDB5UHlHSmM2dUJJU3hFMmVKRURLUlRqRQ?oc=5,"Um texto de opinião publicado no Reino Unido argumenta que as universidades, ao não se adaptarem à nova realidade da IA generativa, estão comprometendo a validade de seus próprios sistemas de avaliação. O argumento central é que a crise não é apenas sobre trapaça de alunos, mas sobre a incapacidade institucional de redesenhar critérios de autenticidade.","O ângulo é incomum porque desloca a responsabilidade do aluno individual para a instituição, questionando a legitimidade dos próprios sistemas de avaliação diante da IA, um debate ainda pouco explorado na imprensa brasileira.",A pauta pode discutir se as instituições de ensino brasileiras têm instrumentos de avaliação preparados para a era da IA generativa ou se estão apenas reagindo a casos de plágio isolados. Um especialista em política educacional ou avaliação institucional poderia comentar se há uma crise estrutural semelhante no Brasil e como ela poderia ser enfrentada.,7
c2cf12f2ac6d8083,2026-08-30T10:07:34.112829+00:00,Former les enseignants à l’éthique de l’IA en éducation - Policy Options,Canadá discute como formar professores para lidar com a ética da IA em sala de aula,Policy Options,https://news.google.com/rss/articles/CBMidkFVX3lxTE00d041Sm4zYUJvNV9wRVZKSjZlV0xpcU9ZaUIwYkZvM2hCei0xc3otN193MHJfNFoxNVd2UmpnakZ1Z1ZUZkpaTmg1Mi1IVTN5R3VTR1FGZks0c0dRS0xObHNEWGtVdXdZT0k3bG00NnFwNk90V0E?oc=5,"Uma publicação canadense debate a necessidade urgente de capacitar professores não apenas no uso técnico da inteligência artificial, mas em seus aspectos éticos, como viés algorítmico, privacidade de dados e impacto no pensamento crítico dos estudantes. O texto defende que a formação docente precisa ir além do treinamento instrumental.","O recorte é pouco comum porque foca especificamente na ética, não apenas no uso prático da IA, um ponto ainda pouco desenvolvido na formação de professores brasileiros.","A matéria pode investigar se e como cursos de formação de professores no Brasil estão incluindo módulos sobre ética do uso de IA, comparando com a proposta canadense. Um especialista em formação docente ou tecnologia educacional poderia avaliar se a discussão brasileira está limitada ao aspecto técnico e o que falta para incorporar uma reflexão ética mais profunda.",7
06002a793e27bba5,2026-08-30T10:07:34.112829+00:00,"Educators warn AI debate has focused too much on cheating, not enough on student learning - Fox News",Educadores nos EUA alertam que debate sobre IA está focado demais em trapaça e pouco em aprendizagem,Fox News,https://news.google.com/rss/articles/CBMisgFBVV95cUxOUzM0T2M3bGVfMjlpSUN5OVdVYW92M1VDVEdiU2kyM2JaUWxmVmYySUlSYldiUFpWcTlSN3A1THFxeVkyVUZoRWY1d0JhTTN6MW51dEZFLVFHekw5N1RMU3lpejByc0dyQ2pfZHJVRzB3Z2tVQ0pVcUJwWktoQm5naU1LbFRBTzBTckhBOWVCdUtZb09PMlZUTTNNeVM4a0xqXzM2VExhbUdNT0VGOWUwR0VR?oc=5,"Especialistas em educação nos Estados Unidos afirmam que a discussão pública sobre inteligência artificial nas escolas tem se concentrado excessivamente em impedir cola e plágio, deixando de lado a questão mais ampla de como a IA pode ou não favorecer a aprendizagem real dos alunos. Eles defendem um reequilíbrio do debate educacional.","É curioso porque contraria o senso comum de que o principal problema da IA na escola é a trapaça, propondo uma virada de foco para os processos de aprendizagem, um argumento ainda pouco presente no debate público brasileiro.","Essa pauta permite discutir se a cobertura brasileira sobre IA na educação também está excessivamente centrada em plágio e desonestidade acadêmica, negligenciando o debate sobre eficácia pedagógica. Um especialista em pedagogia ou psicologia da aprendizagem poderia comentar como equilibrar essas duas preocupações no contexto escolar brasileiro.",7
49cfcadab52186be,2026-08-31T10:07:17.086816+00:00,‘Not about preventing AI misuse’: S’pore universities move from grading essays to assessing thinking - The Straits Times,Universidades de Singapura abandonam a correção tradicional de redações para avaliar o raciocínio dos alunos,The Straits Times,https://news.google.com/rss/articles/CBMihwJBVV95cUxPT01lZ1BhQmFUc2RqbnRRSEo5TWNoLUFQSzV3SV8wZWo2Skd6RWdMa0lWN2JaVUtTUS03d3FVNE9oQzJtVl9mYjdVcTBIOFlseHIxUVY4cmtKRk01aFhhREhaaVExQ3RPT19vTWt1TnE4WmlSUTVtcmtlandRQ3lTTkJnTDg0R0hQLW9pR1dwN19CU2R1d2FVV2pGd1NYdF9INFNXLVAtQVZYbDhtSm8tbTZxeGtlcGdQWHBqb0NpRU82dHkwZHpRTHRBb1pqdS0ySllNMlJOeVFBQnZfNmNCdXpIMlhzN0puRnl0YVB3eE91U0EwbDI5bjJEM05YdHExckhmcUIzZw?oc=5,"Instituições de ensino superior em Singapura estão reformulando suas formas de avaliação, deixando de focar na correção de textos prontos para observar o processo de pensamento dos estudantes. A mudança é apresentada pelas próprias universidades não como uma reação defensiva ao uso de IA, mas como uma atualização pedagógica necessária.","O ângulo é contraintuitivo porque inverte a lógica comum de 'caça ao plágio por IA', propondo em vez disso uma reformulação estrutural da avaliação acadêmica, algo ainda pouco discutido no Brasil.","Vale investigar como universidades brasileiras estão lidando com esse mesmo dilema de avaliar competências em vez de produtos textuais prontos, especialmente diante da disseminação de ferramentas de IA generativa entre estudantes. Um especialista em avaliação educacional ou design curricular poderia comentar se essa mudança de paradigma, testada em Singapura, é viável ou desejável no contexto universitário brasileiro.",9
814afdd3521cd332,2026-08-31T10:07:17.086816+00:00,How education departments across the country are cracking down on students using AI to cheat - ABC News & Headlines – Australian Broadcasting Corporation,Austrália endurece regras contra uso de IA para colar em escolas de todo o país,ABC News & Headlines – Australian Broadcasting Corporation,https://news.google.com/rss/articles/CBMiswFBVV95cUxPTms0ejNkRk4wWE1NRDFCbXJKTnl6NndlZW5MVmMyMlB1WWdOdVRmRWFYODhCZ2oxSlpYQl95dzVTblBNZTQ1MU9rTXZlRkVKTXVNcU9ocFpYZmtTekd6ZVJwZWJEVmw0aXdyTldsVW5rc0VlZERLZnZfMGc0WHY2RUpjQ19Qd1RDX2luRDhQdlBRU1NfUEVfMjlnOVNwbFNHWFpfM2hvU3B5NjhMblVUVEE4cw?oc=5,"Departamentos de educação australianos estão implementando medidas mais rígidas para identificar e coibir o uso de inteligência artificial em trabalhos escolares. A iniciativa é nacional e envolve diferentes estados, com abordagens que vão de novas diretrizes a mudanças na forma de aplicar avaliações.","O caso mostra uma resposta institucional coordenada em nível nacional, algo que ainda não tem paralelo direto no debate educacional brasileiro sobre IA e integridade acadêmica.","A reportagem pode comparar as medidas australianas com o que já existe, ou falta, nas redes de ensino brasileiras para lidar com o uso de IA em trabalhos escolares. Um especialista em política educacional ou um gestor de secretaria de educação poderia avaliar se esse tipo de crackdown nacional seria aplicável ou eficaz no Brasil.",7
6d043fff6d7c0ec8,2026-08-31T10:07:17.086816+00:00,The skills that earn top grades are the ones AI can fake best - the-decoder.com,Estudo aponta que as habilidades mais valorizadas em avaliações escolares são justamente as que a IA imita melhor,the-decoder.com,https://news.google.com/rss/articles/CBMijwFBVV95cUxNdHNERjZMOVFvRENwbVpsV0lZWUZMRGxVQmtLZ2x1Z0VWb0FKdG8weUVLLXpROG5MUUVrRTVTbzJyTEd5TTZ4Nk81cjFyd1ZtdUtRZ1NBUFA2cktaaGxzLUlYYlR0UU40cXdocmJtV1RiS0ZVRm5qTWpsU3VfVTNFUWE1RVJtcm12YVRaSjdKZw?oc=5,"Uma análise recente argumenta que competências tradicionalmente premiadas por notas altas, como fluência textual e organização de argumentos, são exatamente as que ferramentas de IA conseguem reproduzir com mais facilidade. Isso levanta questionamentos sobre o que de fato as escolas deveriam estar avaliando.","O achado é contraintuitivo porque sugere que o sistema de avaliação escolar pode estar, sem perceber, premiando exatamente aquilo que a IA faz melhor do que os próprios alunos.",Essa é uma pauta rica para provocar um especialista em avaliação ou currículo a discutir se os critérios usados nas escolas brasileiras para dar notas altas em redações e trabalhos também estariam vulneráveis a esse mesmo problema. Pode render uma discussão sobre repensar rubricas de correção diante da IA generativa.,8
fee98b1d464663eb,2026-08-31T10:07:17.086816+00:00,La educación después de la simulación: ¿qué significa dialogar en el aula de la inteligencia artificial? - Acento,O que significa ensinar e dialogar numa sala de aula moldada pela inteligência artificial,Acento,https://news.google.com/rss/articles/CBMi3AFBVV95cUxQc1VsdldyTUF5U2FjVDRsaUVzVU9USXJuNE5saGdXM1AyME5SeUxnRjhTXzhseWpUMWhHWVU3WEZNTEJDUWgyRGZ5cDlQeGJBNkxQNFF4WUxVSENHMkhiWjM5WUZ6TlF6TDFIbDBxSEJ4cUNnSVZQYlkzY3FFQ01sbVlwcmtzNzhYX1pDM0VDT1h5Nkt3dVFaOGc3R1JQV2p3dVRRVmRqOVFUbmpRQ09GOUtCNmVmcHNlRVRaUmxSUDIwSlNMaUpnb2lsaWdJUEtKcG9xLVlNNksxb3Fp0gHcAUFVX3lxTFBzVWx2V3JNQXlTYWNUNGxpRXNVT1RJcm40TmxoZ1czUDIwTlJ5TGdGOFNfOGx5alQxaEdZVTdYRk1MQkNRaDJEZnlwOVB4YkE2TFA0UXhZTFVIQ0cySGJaMzlZRnpOUXpMMUhsMHFIQnhxQ2dJVlBiWTNjcUVDTWxtWXBya3M3OFhfWkMzRUNPWHk2S3d1UVo4ZzdHUlBXand1VFFWZGo5UVRualFDT0Y5S0I2ZWZwc2VFVFpSbFJQMjBKU0xpSmdvaWxpZ0lQS0pwb3EtWU02SzFvcWk?oc=5,"Um texto de opinião discute como a presença da IA generativa transforma a própria ideia de diálogo pedagógico, questionando se a interação entre professor, aluno e máquina ainda pode ser chamada de diálogo no sentido educativo tradicional. O argumento propõe pensar a educação além da mera simulação de conversa promovida pelos chatbots.","É um ângulo filosófico pouco explorado na cobertura brasileira, que normalmente foca em ferramentas e regras práticas, sem discutir o impacto conceitual da IA na própria natureza do diálogo educativo.","A pauta pode explorar como pedagogos e filósofos da educação enxergam essa tensão entre diálogo genuíno e simulação de conversa promovida por chatbots educacionais. Um especialista em filosofia da educação ou letramento digital poderia aprofundar essa reflexão para o público brasileiro, ainda pouco exposto a esse debate mais conceitual.",7
ce90fa1770f9e494,2026-08-31T10:07:17.086816+00:00,De la méfiance au tabou : comment les profs se sont mis à utiliser l’IA - Le Nouvel Obs,"Na França, professores passam da desconfiança ao uso quase velado da inteligência artificial",Le Nouvel Obs,https://news.google.com/rss/articles/CBMixgFBVV95cUxOYUlwNWNOSnVLallkUGNwcWY3TkxGcExJX3BQV3U3M1FWUER1VE42bzFKN1ZpZFlIZFVEWnFWNlBtaXJZY2hmcGM5Ukt2SzY0OUZmMkdnd0poM2dwWmJqOFpIeE45Ulhlc3VPSHVtZmJaNkFiSTllb1l2QUNEa2l6akRlWWJlQVhxUDhSSHFTaWhEX3RXOE1ESlA3TUJ4elItRXp3VXhSM3FQVTNEY1ZGckl4eDFseThkU1F1c0RGN0c4UXYxM1E?oc=5,"Uma reportagem francesa mostra como professores que inicialmente rejeitavam a IA generativa passaram a utilizá-la no dia a dia, muitas vezes sem admitir abertamente, criando uma espécie de tabu em torno da prática. O texto detalha essa mudança de comportamento dentro do corpo docente.","É curioso porque expõe uma contradição pouco discutida, professores que corrigem alunos por usar IA mas passam a recorrer a ela silenciosamente para preparar aulas ou corrigir provas.","A matéria pode investigar se professores brasileiros vivem um dilema semelhante, usando IA para planejar aulas ou corrigir textos sem declarar isso abertamente às escolas ou aos alunos. Um especialista em formação docente poderia comentar os riscos e potenciais dessa apropriação silenciosa da tecnologia pelo próprio professorado.",8
62dffc8cd4a4e928,2026-09-01T10:13:59.858809+00:00,AI use reaches 83% of U.S. teens as school guidance struggles to keep pace - EdTech Innovation Hub,"Pesquisa nos EUA mostra que 83% dos adolescentes já usam IA, mas escolas não acompanham o ritmo",EdTech Innovation Hub,https://news.google.com/rss/articles/CBMisgFBVV95cUxQbFVrNThuRTJzeVkwWDdRQlRHZ2V3c0NTQzdDZWg3U2lmTU9rQWQtN0hzRlhlbDhwQWV6c2c4em1lS2VjZU9CYUxGelJneHJMWnJNbnE1dndMS0M2QjROTWRtSmJ1RGNwNGM0OW0zbGpzalpQc0tMYzAwcFdZX21Eb1RVNWJTcnlXM0d6YVhpdE95c25nTm55TWZUdFItSzVjRmpzekdZTzBRNzBrbTdrOU13?oc=5,"Um levantamento recente nos Estados Unidos indica que 83% dos adolescentes já utilizam ferramentas de inteligência artificial no dia a dia escolar ou pessoal, enquanto as diretrizes institucionais das escolas ainda estão muito atrasadas em relação a esse uso. O descompasso entre a adoção pelos estudantes e a regulação pedagógica gera dúvidas sobre integridade acadêmica e letramento digital.","O dado numérico expõe um abismo entre a prática real dos alunos e a capacidade das instituições de orientar esse uso, algo que ainda não foi mapeado com a mesma clareza no Brasil.","A pauta pode explorar como esse descompasso identificado nos Estados Unidos se compara à realidade das escolas brasileiras, questionando se professores e gestores têm ferramentas para lidar com o uso cotidiano de IA por adolescentes. Especialistas em tecnologia educacional ou formação docente poderiam comentar se existe um mapeamento similar no país e quais riscos esse vácuo normativo representa para a autoria e a aprendizagem dos estudantes.",7
992f452671a32b52,2026-09-01T10:13:59.858809+00:00,AI Literacy Becomes Basic Skill as 78% of U.S. Teachers Back Classroom Instruction - Seoul Economic Daily,Maioria dos professores nos EUA já defende ensinar letramento em IA como habilidade básica,Seoul Economic Daily,https://news.google.com/rss/articles/CBMioAFBVV95cUxOWnlQMGFSTHJDenBXYjU0d1U3N2Zsdkc0eWQxLWJxUFU1T0NwZzNjRTFURzFmY0RjNV93TnRUTEpxVlZjeDl2UnBQZ09FOGFyYVJKZlZBQ05wU0dQX1lTam9mSC11eTgtNVpuM2Q0VDNQWVFBNmdmWEdjdXUtNnpFbFI0MGZRUWQzNUNuMmM2MjlQOVFKSFFZVWRUVXA1SFli?oc=5,"Uma pesquisa recente aponta que 78% dos professores norte-americanos apoiam a inclusão do letramento em inteligência artificial como competência básica no currículo escolar. O dado reflete uma mudança de percepção sobre a IA, que passa de ameaça à sala de aula para conteúdo formal de ensino.","É contraintuitivo ver uma maioria tão expressiva de docentes defendendo o ensino formal de IA, justamente em um cenário onde a ferramenta é vista com desconfiança por parte da educação, incluindo a brasileira.","A matéria pode investigar se há um movimento parecido entre professores brasileiros, comparando o apoio majoritário identificado nos Estados Unidos com a resistência ou desconhecimento observado nas redes públicas e privadas do Brasil. Um especialista em currículo ou formação de professores poderia avaliar se o letramento em IA deveria mesmo entrar como competência obrigatória e quais desafios estruturais isso implicaria.",7
73062c6e5629a616,2026-09-01T10:13:59.858809+00:00,"Government-school teachers ready for AI, but need institutional support: JanAI survey - The Economic Times","Professores de escolas públicas na Índia dizem estar prontos para IA, mas cobram apoio institucional",The Economic Times,https://news.google.com/rss/articles/CBMi-gFBVV95cUxNYmd4UXdabUVVZTd0c25ncVdsbmwxUU83WVlNYl8tVS1VMzVoV0VZdWxkazh4SDBOWEtibGphc19hai1uMFIxYzhucWVjRExKVzlvUFZwWURiMWoxaEROU0x2T3Ntc3BITjRISkFiQ0NEZktUbGlVRmlPTDRhZXFtXy15VElyMnN1Tmo2NVRIYWdVdGt0OWVTODdxSzVVdTEweFFVVGdSM0QwYUZrMzhQeTVHaHo1RlpvSGNiY1d6LTdwSllWNmZpMWY5M1l1VXdIeElVWnctN0xiaC1HMXhmLTh1UzcxWVMwZ2xUMGJ0ODdCdUJPbEhzWFNR0gH_AUFVX3lxTE5TVVh5RnJDRUdVQTgxQ1J2TTJfVXcwOHdFSjQ5d21Gb3d3T29CWHQtRFItLTZySFhtVFVtZnhqMzROUlkwOGROUWZCdnppcjQwU2J0NDRqWXd1WS1XUG52WF95NmhrZmVLcEtZLXZiN2lNdHFubktyNHQwc0drbjdiUkRGMGE2QTYzR1NjSUR1QzBLNzJlU092Wmc0bFRIbVppRnl5dzN5eWE5RG5HTElGWEpSTWNOMGhPRkhIaHVxUTRmQURLYU11bGZzRWJRcmdMMkRucmNFVU0ySGE3cC1SWGp6dmQtLTlia2hzZFBndU8xR3haTWU2THZuVWVkMA?oc=5,"Uma pesquisa da JanAI com docentes de escolas governamentais indianas mostra que a maioria se sente preparada para usar inteligência artificial em sala de aula, mas aponta falta de suporte institucional, infraestrutura e capacitação contínua. O levantamento reforça o padrão observado em outros países emergentes.","O caso indiano é pouco coberto pela imprensa brasileira e permite comparar realidades de países com desigualdades educacionais semelhantes às do Brasil, escapando do habitual foco em Estados Unidos ou Europa.","A pauta pode usar o exemplo indiano para discutir se a boa vontade dos professores brasileiros da rede pública é suficiente sem investimento em infraestrutura e formação continuada. Pesquisadores de política educacional ou formação docente poderiam comparar os desafios de países do Sul Global na adoção de IA nas escolas públicas, indo além do discurso genérico sobre inovação tecnológica.",7
6049726985671ede,2026-09-02T10:14:41.403493+00:00,An AI Detector Flagged Mary Shelley's Frankenstein as 99% AI Generated - Startup Fortune,"Detector de IA aponta que 'Frankenstein', de Mary Shelley, foi 99% gerado por inteligência artificial",Startup Fortune,https://news.google.com/rss/articles/CBMiowFBVV95cUxPdEtTdmlKaWg5U1czWGhxWGVBbGFvSGxZTXdMVUxOMEV6SFd4Z01JLWRiTTdHcDVVdzl6dmtvYmcxcXBqazRMQzR6ZnBwVHVXZWtwdkhaMTNEeHVrMDYxVXlXVjYtTXFpUmV0TDdSbG1zY1JDY0RmT2xHNHMydTZObnVmNG5hQm13QWJ5TjRjSGJ2dVlTMHpIYlYtOWRIazFPUW40?oc=5,"Um software de detecção de textos por IA classificou o romance clássico 'Frankenstein', escrito em 1818, como quase totalmente produzido por inteligência artificial. O caso expõe falhas graves nas ferramentas usadas por escolas e universidades para identificar plágio ou uso indevido de IA em trabalhos escolares.","É um exemplo irônico e contraintuitivo: uma obra literária clássica, escrita duzentos anos antes da existência de IA generativa, sendo confundida com texto artificial, o que questiona a confiabilidade desses detectores amplamente usados no ambiente escolar.","A notícia permite uma pauta sobre os limites técnicos e éticos dos detectores de IA usados por escolas e universidades brasileiras para identificar plágio ou fraude acadêmica. Um especialista em linguística computacional, avaliação educacional ou letramento digital poderia comentar os riscos de acusações injustas contra estudantes e professores, além de discutir alternativas mais confiáveis para avaliar autoria em tempos de IA generativa.",9
426af7edca86e39d,2026-09-02T10:14:41.403493+00:00,"A teacher-free AI school is coming to Chicago, with tuition at $55,000 a year - The Union Democrat",Escola sem professores baseada em IA cobra 55 mil dólares por ano em Chicago,The Union Democrat,https://news.google.com/rss/articles/CBMikwFBVV95cUxQTmJiby1BZEJSbzE1QkFndC1DdkNDT3dDSzYwV2djQXp0M3NyZGREaFI3TTFIT3pqNm84ZVNMYnJnYnp4RGRoOEhZMGlfdHpINGEzajBiMjRfRHNwbWszdnNVTEE0RElVSTF3U085TnhPeW94Ty1PbzYwUmVsUjQxbV8xTTUzb3JHdGQyUDdCdWtVNzg?oc=5,"Uma nova escola em Chicago promete ensino sem a presença de professores humanos, substituídos por sistemas de inteligência artificial, com mensalidade anual equivalente a mais de 270 mil reais. O modelo gerou debate sobre os limites da automação no ensino básico.","O caso é extremo e pouco explorado no Brasil: uma escola de elite decide eliminar completamente a figura do professor, testando até onde a IA pode substituir a relação pedagógica humana.","Vale uma matéria sobre os riscos e promessas de escolas que dispensam professores humanos em favor de sistemas de IA, especialmente em contextos de alto custo e exclusividade. Especialistas em pedagogia, psicologia da educação ou políticas educacionais poderiam avaliar o impacto socioemocional dessa ausência de mediação humana e discutir se o modelo é replicável ou desejável no Brasil.",9
829d201d40883ed2,2026-09-02T10:14:41.403493+00:00,UNAM Enforces In-Person Exams Amid Massive AI Cheating Scandal - streamlinefeed.co.ke,Universidade mexicana retoma provas presenciais após escândalo de fraude com IA,streamlinefeed.co.ke,https://news.google.com/rss/articles/CBMinAFBVV95cUxObkpaRFctbDA0bE92dEMtTGNfSWpKQkhxQXFZU2J6Z2pYVF95RXJRcGFlcE9rVHJyZGZNWTNUZldSVDhMWUdzdEpWdjRlWE1QMlpMdnZoWnd6UXRYUURwM0FsRVQwWlV2QXVpd2NVUS03dGZobmRUNUUwd1VBdWczTTJFLV8xNGN6Q2pGYlVobmlZYXBMaHVYZXRrNnk?oc=5,"A UNAM, uma das maiores universidades da América Latina, decidiu reforçar exames presenciais depois de identificar um esquema generalizado de uso de inteligência artificial para fraudar avaliações. O caso reacende o debate sobre integridade acadêmica na era da IA generativa.","É um episódio concreto e recente em uma universidade latino-americana de grande porte, o que aproxima o problema da realidade das instituições brasileiras que ainda não enfrentaram publicamente um caso dessa escala.","A pauta pode explorar como universidades da América Latina estão reagindo a fraudes em massa cometidas com apoio de IA generativa, e se instituições brasileiras têm mecanismos semelhantes de controle. Um especialista em avaliação educacional ou ética acadêmica poderia comentar estratégias de prevenção e os limites do retorno a provas presenciais como solução.",8
0fdb45ca7e7a4404,2026-09-02T10:14:41.403493+00:00,"Only 14% of teachers confident across AI literacy, Royal Society finds - edtechinnovationhub.com","Apenas 14% dos professores se sentem seguros sobre letramento em IA, aponta estudo britânico",edtechinnovationhub.com,https://news.google.com/rss/articles/CBMirgFBVV95cUxQZkZuSk02aFZsWlRFTEtwUE9UMnVESk56bXVfd1h2R3RzQmlLVHQ0Ukc3a3FaRTJTTklDLXhaTml6MUZPNVFuZmRFMV9DQ1Q3OHJQQi1fUkpvNnNKTFpuSU9Ec2UxUDNsWVlWV0kyUGs3WVl2blJMZVpsZHp6b0poQktvRkgyczZ4a1ZkeHNkLTZZNUhKQURCZHNOMDNFZkVRcFdjM3JvYWtEWE1haFE?oc=5,"Uma pesquisa da Royal Society, no Reino Unido, revelou que só 14% dos professores se consideram plenamente confiantes em todos os aspectos de letramento em inteligência artificial. O levantamento aponta lacunas amplas na formação docente para lidar com tecnologias de IA em sala de aula.","O dado quantifica de forma clara um problema que ainda é pouco medido no Brasil: o despreparo docente diante da IA, vindo de uma instituição científica de prestígio internacional.","A reportagem pode comparar o cenário britânico com a realidade brasileira de formação de professores para uso de IA, questionando se há dados equivalentes por aqui. Um especialista em formação docente ou tecnologia educacional poderia comentar quais competências são mais urgentes e como preencher essa lacuna nas redes de ensino.",8
9f0c667a622e3597,2026-09-02T10:14:41.403493+00:00,"Intelligence artificielle: le ministre de l'Éducation nationale confirme la mise en place d'un ""enseignement obligatoire"" pour les élèves de seconde à la rentrée 2027 - BFM",França vai tornar ensino sobre inteligência artificial obrigatório no ensino médio a partir de 2027,BFM,https://news.google.com/rss/articles/CBMixAJBVV95cUxPNHItUTF2T3ZlRXExb1BzeHBYVVgyU2Q2LVk4ZmRxb2JiOW5hTDV4cU5ac0FpREFwUUZIbDVKQk0yUWtscEVYYjdjYzdwaEJEWkpHVklQMkNjTU45NVk2M2hGX1RLck9iM3RpTFZpSl9BWmhQaVpjVDExNWNKdmJpdFBTNGFWd01WSHZOWXU0cW5WY2pFeTZFSU80YmJPN1FHR2EwVjhQOWU2TjZNR29YUmNYM1NVa3hDLXNlUmFodE5tYXROU3RRZDYtX1NOOS1tN2c1TVFMblVzZjRXQ0l5dzhfXzRWVVNkcXZ2a3hWdXZibnh1U3huUHFiRThBQXhqczRadElVcXdjSjczellucVNyOG9Pd2VvZW1XNUZYVm5Ub0Q3NmZLbV9fb0c1OWpiOF91T3ZwYzRndi1nVFlrbHdWZlc?oc=5,"O ministério da Educação da França confirmou a criação de uma disciplina obrigatória sobre inteligência artificial para alunos do equivalente ao primeiro ano do ensino médio, a partir de 2027. A medida faz parte de uma estratégia nacional de letramento digital e tecnológico nas escolas.","É uma política pública concreta e pioneira que antecipa um debate que ainda não chegou de forma estruturada ao currículo escolar brasileiro, oferecendo um modelo de referência internacional.","Dá para produzir uma matéria sobre como o Brasil poderia se inspirar ou não no modelo francês de currículo obrigatório sobre IA, discutindo prós, contras e viabilidade de implementação. Um especialista em currículo escolar ou política educacional poderia avaliar se essa abordagem resolve o problema do letramento em IA ou se cria novas desigualdades entre escolas com e sem infraestrutura tecnológica.",8
98ca34dc03553121,2026-09-02T10:14:41.403493+00:00,BEOs told to appoint one ‘AI guest teacher’ per school in Karnataka - The Hindu,Índia orienta escolas a nomear um 'professor convidado de IA' por unidade escolar em Karnataka,The Hindu,https://news.google.com/rss/articles/CBMihAJBVV95cUxPS2dVWEFGTkhEVi1UZ3VtUTVaWGFrRGF6S2o3b1pNZGNEVGtEOFllT0t3QnBfTXJMc2txXy1OOEZnN3NUeWUwbWdSQTdDNXhPcEYwTTZPczRnSmpGcjc3eUlBUTVMb0F5ZkFPbGhnMGFUUXRhME5COEJfLXFGaElMLUk0T0dqMF9VWmd6U09hU3UyWHJtcDVBUDJlYzlDMlFBNFFVSnFOZlN6Y3VEWTRILXoyaFgtcUNSM3JuLUxWenJhSWxxdm5UQWpzMEdOejVEVGZmS0Q1THdtd3NqR3Fyb2RuS20xYkdyS1hQTnN3TjVsQ3NGV1VDdmZFSE4wbE1rcjJaaNIBiwJBVV95cUxNbUpkbHZELThoZWxUalV6czFjUnZ5NVl1Q0l1SXJYaTJtR1B6THN5TkduRHZqNngtaGQtQUh5TzRQUUFTWHFzS0xsNEdaeDBGTEpyQ1RRajktdVp1UEpfXzBFZ3IwenlocjkxMGJzRjZvQjlDQVlhc3drZ2Q0R0hZNG1XMm9YWmZCSUZZcTVWOFRZM3cwcUxteWdZWVpHUjFld2ZXeWtmcVJSZmp6Ml9BMmUyVTZGYUpvQWNkbXZQV3pvSGZmdGFSTUtVeXphUUpDLVRLYkZxVzlNZzVvUE51NUJpOVFoQlJZdmtNRDlPb0t3ODRzTVF5R1JmTjU4QlpxRVlxaWpxVlM4REE?oc=5,Autoridades educacionais do estado indiano de Karnataka determinaram que cada escola pública designe um 'professor convidado de inteligência artificial' para apoiar o ensino com tecnologia. A medida busca acelerar a adoção de IA na rede pública local.,A ideia de institucionalizar uma função com o nome de 'professor de IA' é inusitada e levanta questões sobre o papel simbólico e prático que a tecnologia está assumindo na educação pública em países emergentes.,"A pauta pode investigar como diferentes países estão criando cargos ou funções específicas para integrar IA às escolas públicas, e se esse modelo indiano poderia inspirar políticas semelhantes no Brasil. Um especialista em gestão educacional ou políticas públicas de tecnologia poderia comentar os riscos de criar funções simbólicas sem investimento real em formação docente.",7
f1ac47e8288b09a9,2026-09-03T10:14:49.865972+00:00,NYC to ban student AI tools in 2-K through 8th grade and limit classroom screen time - Chalkbeat,Nova York proíbe uso de IA generativa por alunos até o 8º ano,Chalkbeat,https://news.google.com/rss/articles/CBMingFBVV95cUxOMF91WUVHQXJTaExtNUlYVFlKR2NWbkE4TVNPWTBpV1lxaUY4QnQ4Z1d6N05WTnBEVER5SzBaZG9wSTEwLUZlaG9YODJuekhOWlV3aURwRm9tUGpYcVB3eVJBSUFmcUFkQVNSeEh6dXNXX1d4TVlmZ1ZvRFNvbExJMVpHLWNEem41dFctMG9LZ3h5WGtOVmpYcGN1dW9HZw?oc=5,"A rede de escolas públicas de Nova York, uma das maiores dos Estados Unidos, anunciou a proibição do uso de ferramentas de inteligência artificial generativa por estudantes do jardim de infância até o oitavo ano, além de limitar o tempo de tela em sala de aula. A medida é apresentada pela gestão municipal como proteção ao desenvolvimento cognitivo e à autenticidade da aprendizagem infantil.","Em um momento de corrida global para adotar IA nas escolas, uma das maiores redes de ensino do mundo decide fazer o movimento contrário, o que abre espaço para debate sobre limites etários e riscos cognitivos ainda pouco discutidos no Brasil.","A decisão de Nova York de banir IA generativa para crianças até o oitavo ano contraria a tendência predominante de incentivo ao uso pedagógico dessas ferramentas e pode servir de gatilho para uma matéria sobre limites de idade e maturidade cognitiva no uso de IA na educação básica. Um especialista em psicologia do desenvolvimento infantil ou em política educacional poderia comentar se essa cautela também deveria ser discutida nas redes brasileiras, que em geral têm adotado IA sem restrições etárias claras.",8
f2cbb97d6e533db0,2026-09-03T10:14:49.865972+00:00,"MIT AI Report Calls for Alternative Grading, Social Learning - Inside Higher Ed",Relatório do MIT propõe abandonar notas tradicionais na era da IA,Inside Higher Ed,https://news.google.com/rss/articles/CBMixAFBVV95cUxNbnYwb1pRVHhoZ2xsbDVscmxCSElDYlM1SkpkWUw2TmpEMVpXbzdDd0xUeWhFLWU2YVJsX0tXV1ZhSVQ0ZWNKdkZobktuU2tHa1ByRFJZS0VXU2lIbUpLQVdjbG0wTTdtdjVqNE03Sl9oeC1fUHJZYVFDOHZVazJnQk85RUlBMW9HRzdyd0hJaWdVV1NFTFo2T1I1NzBIQ3ljUE5ubldOYzFxbjB4bHZRT050WXRVWE9IR2Z0ZnBZeVNHWEZ4?oc=5,Um novo relatório do MIT defende a adoção de formas alternativas de avaliação e de aprendizagem social como resposta ao uso generalizado de inteligência artificial por estudantes. O documento sugere que os modelos tradicionais de nota e prova perderam eficácia diante da facilidade de geração de textos por IA.,"É raro uma instituição do prestígio do MIT propor abertamente o fim do sistema de notas como o conhecemos, o que rende debate sobre como avaliar aprendizagem quando a autoria do texto se torna incerta.","O relatório do MIT que questiona o modelo tradicional de avaliação pode ser ponto de partida para uma matéria sobre alternativas de correção e nota em tempos de IA, tema ainda pouco debatido de forma prática nas escolas e universidades brasileiras. Um pesquisador em avaliação educacional ou em currículo poderia analisar se propostas como aprendizagem social e avaliação por processo são viáveis na realidade brasileira, com suas turmas grandes e recursos limitados.",8
7b23bcb43a474c44,2026-09-03T10:14:49.865972+00:00,Oral exams are making a comeback to stop AI cheating. But they have their own problems - Phys.org,Provas orais voltam às universidades como resposta à trapaça com IA,Phys.org,https://news.google.com/rss/articles/CBMidEFVX3lxTE5iNlJXQ0JGUEFiNXphcDhnbkdaTFVFdUNKYzNCcFoxMEFsTWhWR2xUTmR6c0NFbGpES1Q5ZmhCalpxczhVejRVbUtpNkRsZER6cFZsMjFCT0JWb2g5MWZEVGZaandFdHBqSzRlbWlaSmYyclI3?oc=5,"Diversas universidades ao redor do mundo estão reintroduzindo exames orais como forma de verificar se o conhecimento demonstrado pelos alunos é realmente deles, diante da dificuldade de detectar textos gerados por inteligência artificial. A reportagem aponta que o método, embora eficaz contra a trapaça, traz novos desafios, como ansiedade e desigualdade de desempenho entre os estudantes.","O retorno a um formato de avaliação antigo e considerado superado mostra como a IA está forçando um retrocesso tecnológico deliberado no ensino superior, algo contraintuitivo e ainda pouco discutido no Brasil.","A volta das provas orais como estratégia contra o uso indevido de IA oferece um ângulo pouco explorado sobre como as instituições estão reagindo à crise de autenticidade na avaliação escrita. Um professor universitário de metodologia de ensino ou um especialista em avaliação educacional poderia comentar se esse retrocesso ao oral é uma solução viável ou apenas paliativa, e como isso poderia se aplicar ao contexto brasileiro.",9
348aa01a5374411d,2026-09-03T10:14:49.865972+00:00,"Ban all remote unsupervised tests ‘immediately’, urges report - Times Higher Education",Relatório pede fim imediato de provas remotas sem supervisão por causa da IA,Times Higher Education,https://news.google.com/rss/articles/CBMiogFBVV95cUxPYWlreGx1ZXR5R3JMTl9pRU5ZcmxQRzB2M0VGWlVXQkJtQURhNDJFTUtjZ2lURDh0Skh6aURFanN1Q3hnWjQwa3BPWWt1dENzWmxpSmNfMERaVlZZTWdPU1U1T2NaRGN6bXQ5Ylk3MGFFa0pnZ0ZWaUZ2dHZ3MmJPUDFTcHhmTXBWRDUzVEJ4ZExUcjJaMnVxaUlQei1JTS01X1E?oc=5,"Um novo relatório do setor de ensino superior recomenda que universidades interrompam imediatamente a aplicação de provas remotas sem supervisão, argumentando que essas avaliações se tornaram vulneráveis ao uso indevido de inteligência artificial. O documento defende mudanças estruturais na forma como o conhecimento é avaliado.","A recomendação é radical e direta, pedindo o fim imediato de um formato de avaliação que se popularizou durante a pandemia, o que gera debate sobre até que ponto a IA tornou obsoletos métodos recentes de ensino a distância.","O pedido de banimento imediato de provas remotas sem supervisão traz um contraponto interessante à expansão do ensino a distância no Brasil, que também enfrenta o desafio de garantir autenticidade nas avaliações online. Um especialista em educação a distância ou em integridade acadêmica poderia comentar se essa recomendação é aplicável à realidade brasileira e quais alternativas de avaliação remota ainda seriam confiáveis.",7
f52a1e57afa78963,2026-09-03T10:14:49.865972+00:00,Opinion: Universities should stop treating AI as a cheating problem - The Globe and Mail,Artigo defende que universidades parem de tratar IA como problema de cola,The Globe and Mail,https://news.google.com/rss/articles/CBMiqwFBVV95cUxPLWNyckNsZFFnellBTVlDdXhMZk1HeTR0RFdYNlVEd2VJYVMzS2JIUUFTRXZSOHlGYjFiSWh2ZHpqWjdJcHN3SmtvN3FUakpoVXRxc2xDSFMxQWVrdnUxdWJBdnJ1VVpRd3c4N0ZXZ2pwMjkzVWFtVXBpSi1pbEpQejA0MWhndE9jeGFXVldrVW5sMU5jLUtoVTRVZnYwc1l3OWdYWlVyeGVtT2M?oc=5,Um artigo de opinião publicado em veículo canadense argumenta que universidades deveriam abandonar a abordagem punitiva em relação ao uso de inteligência artificial por estudantes e passar a integrá-la como ferramenta legítima de aprendizagem. O texto questiona a eficácia de políticas de detecção e punição de uso de IA em trabalhos acadêmicos.,"O argumento contraria o senso comum de que IA em trabalhos acadêmicos é sinônimo de fraude, propondo uma virada de perspectiva que ainda gera resistência no debate público brasileiro sobre plágio e autoria.",A tese de que a perseguição ao uso de IA como cola é uma abordagem ultrapassada pode alimentar uma matéria sobre a redefinição de autoria e originalidade na escrita acadêmica. Um professor de letras ou um pesquisador em políticas de integridade acadêmica poderia comentar se universidades brasileiras deveriam repensar suas normas de plágio à luz desse debate internacional.,8
9ebf165738a2df59,2026-09-03T10:14:49.865972+00:00,Teachers Spending Tens of Thousands on Custom PPTs Trapped in Performative Spectacle of AI Classrooms - 36 Kr,Professores na China gastam fortunas em slides personalizados para simular domínio de IA,36 Kr,https://news.google.com/rss/articles/CBMiU0FVX3lxTE5ZOTdTXzd0ODBsNzVQQlhBRnBsMWVDcUV2QUtYcFBkWlRxQ1hnMWxwd0JOZEtyVTk0QV9xWk9LUzdUWWViNzQtRzhKSklmc3pVZ2o4?oc=5,"Uma reportagem chinesa revela que professores estão investindo somas consideráveis na produção de apresentações de slides sofisticadas com uso de inteligência artificial, presos em uma espécie de teatro de modernização tecnológica nas salas de aula. O fenômeno é descrito como um espetáculo performático que nem sempre se traduz em melhoria real do aprendizado.","O caso chinês expõe um efeito colateral pouco discutido da pressão por inovação tecnológica na educação, quando a aparência de uso de IA se torna mais importante do que seu impacto pedagógico real.",O fenômeno chinês de professores gastando recursos próprios para parecer tecnologicamente atualizados com IA pode servir de gancho para uma matéria sobre a pressão simbólica que recai sobre docentes diante da narrativa de modernização por inteligência artificial. Um especialista em formação de professores ou em sociologia da educação poderia comentar se esse tipo de pressão performática também já aparece nas escolas brasileiras.,7
da7aa96bf88c0286,2026-09-04T10:13:50.612071+00:00,Danish pupils will have to orally defend essays in attempt to combat AI cheating | AI (artificial intelligence) - The Guardian,Dinamarca exige defesa oral de redações para conter uso de IA por alunos,The Guardian,https://news.google.com/rss/articles/CBMikAFBVV95cUxOZmlUek9RbGUtSU5KSGxBTnNZcWFHR3RyWV9SMTBIUG4wTkVLUmVBVkNkSEpSLWs0SkUyMC1NRnhYR3R3bnNTRHFTcmFIbjUwM0NqSHNzSGNYWklldkowUGc1M2NlUF80ZWtTVEJOYnJzelhFNzBydEZPQTRsSnRtQ0FaZTdnTG96VDZlNW1sVVk?oc=5,"Escolas dinamarquesas passarão a exigir que estudantes defendam oralmente suas redações escritas em casa, como forma de verificar se o texto é de fato autoral. A medida busca combater o uso indevido de ferramentas de IA generativa na produção de trabalhos escolares.","É uma solução pedagógica inusitada e de baixa tecnologia para um problema de alta tecnologia, o que contrasta com a tendência de banir ou monitorar digitalmente o uso de IA nas escolas.","A iniciativa dinamarquesa oferece um contraponto interessante ao debate brasileiro sobre plágio e autoria em textos escolares, mostrando uma alternativa que aposta na oralidade e na defesa do processo criativo em vez de ferramentas de detecção de IA. Especialistas em avaliação educacional, linguística aplicada ou pedagogia da escrita poderiam comentar se esse modelo seria viável em escolas brasileiras e quais os desafios de escala envolvidos.",9
d2fe159626c5733d,2026-09-04T10:13:50.612071+00:00,"AI Grading Can Differ From A Human's By 40 Points, Study Finds - Quantum Zeitgeist",Estudo mostra que notas dadas por IA podem variar até 40 pontos em relação às de professores humanos,Quantum Zeitgeist,https://news.google.com/rss/articles/CBMifEFVX3lxTE01V1p4MXRSYWpuaVZ0QlV0SGJjRWZoQjZCOHVwVEMzdS1RSmRaUl9fa2dfbk9nWTN0UG8wbkZISGMyRW13OWtZSFU3VUF3cmJFMXJ4T25iSDJzM3VkOVRObUhJdEszNDFkcjAyQ1VVc2JvbDBmWlVWQVJhajI?oc=5,"Uma pesquisa recente constatou discrepâncias significativas entre as notas atribuídas por sistemas de IA e as dadas por avaliadores humanos em trabalhos escolares, chegando a até 40 pontos de diferença. O estudo levanta questões sobre a confiabilidade da correção automatizada de textos.",O dado numérico concreto sobre a magnitude do erro é surpreendente e questiona diretamente a confiabilidade de ferramentas já usadas por professores brasileiros para corrigir redações.,"Essa pesquisa pode ancorar uma matéria sobre os riscos da correção automatizada de redações no Brasil, especialmente considerando o uso crescente de IA em preparatórios para vestibular e ENEM. Um especialista em avaliação educacional, psicometria ou linguística de corpus poderia explicar por que essas discrepâncias ocorrem e quais critérios de escrita a IA tende a valorizar ou ignorar.",8
4b86980e356a4ef7,2026-09-04T10:13:50.612071+00:00,The generative AI learning penalty in secondary school - CEPR,Estudo aponta 'penalidade de aprendizagem' causada pela IA generativa no ensino médio,CEPR,https://news.google.com/rss/articles/CBMihAFBVV95cUxPdmg3VjRzNkJYTEN6LWxFMlZvaHo2d2hVQ1BUUElRTkVvNDRkRnc2MlZQVFFCTW9PcUloUzhzdFNEVEJRbmxzQlFGdXFHb25vRGUzSEJZYU9JYlloRzBkWFN0MVgtR1J6YWFMWlhQWU5wRjhFM01IdzNwZERWTFVQTzNQUW8?oc=5,"Uma pesquisa do CEPR identificou que o uso de IA generativa por estudantes do ensino médio pode estar associado a uma queda no desempenho de aprendizagem, mesmo quando a ferramenta é usada como apoio aos estudos. O achado desafia a narrativa de que a IA sempre potencializa a educação.","O termo 'penalidade de aprendizagem' é contraintuitivo, pois inverte a expectativa comum de que ferramentas de IA sempre beneficiam o desempenho escolar.","A pesquisa serve de gancho para uma matéria sobre os efeitos colaterais pouco discutidos da IA na sala de aula brasileira, indo além do debate sobre plágio para tratar do impacto cognitivo do uso dessas ferramentas. Pesquisadores de psicologia da educação ou neurociência da aprendizagem poderiam comentar os mecanismos por trás dessa possível perda de aprendizagem.",8
bd5192358b73e2f5,2026-09-04T10:13:50.612071+00:00,Biswa Kalyan Rath says AI cannot replace stand-up comedy: ‘ChatGPT has no tragedies’ - Storyboard18,Comediante indiano diz que IA não pode substituir o stand-up porque 'ChatGPT não tem tragédias',Storyboard18,https://news.google.com/rss/articles/CBMizwFBVV95cUxQb3JUS1Z6bV9VV3FwdU80Rjl0QUlZOU9jZ21paElLb0hfckF3ZDU5Y2VNaUxGdU5MankyQmMtNW9YbGQtTERFQ2kxMjRDVzQ4QkV6Y3dwNWhvMEp3UVVRVHVLc0lkV3BqekRGRkVBT0QwMm5XZExjWUhWV3h4aTJ6elVOQXZZeUhLdlVHWVEwU0xYdGl4aTcyMEZwTWJyWVc4VHZ4WlNVZkQ2WWNGbFZBcXM2czF1azVHQkdGTnk1LUYwSzBwcC1rRUFKVEl4NzTSAdQBQVVfeXFMTmZOX3lpYUFDbnJGNDh2VWNveEt5Rl9jeUtObmx1MEw1MkpNeDBqSi1IOXhLb2tqNU5iRHJ3SkR1dHFRZEI3YTVtQThwemVlQjQ5ZTk1dWl1VXp2NnkyYVN5VzFFSUZjSUM0VUc3dHo3ZUdlTmcwTmxWelhnY1diUXprNm80VWV3b3dDZHVRS2ZIRFU4RlRBMU4xblNTa1dMMjBWenV5NnFham5ZcTBGRXM4RGMtaHZ3UGpCR2JxYWVLeGtlYktRcEIzVWJXTndRRl9WYlc?oc=5,"O comediante indiano Biswa Kalyan Rath afirmou que a inteligência artificial não é capaz de produzir humor genuíno de stand-up porque lhe faltam experiências de vida, sofrimento e tragédias pessoais que alimentam o texto cômico. A declaração ocorre em meio ao debate sobre IA na criação artística.",A tese de que o humor depende da vivência da dor humana é um argumento original dentro do debate mais amplo sobre autoria e autenticidade na era da IA.,"A declaração pode inspirar uma matéria sobre os limites da IA na criação humorística e narrativa, conectando com o tema mais amplo de autoficção e testemunho como resposta a crises de sentido. Um comediante, roteirista ou pesquisador de humor e narrativa poderia discutir se a experiência vivida é mesmo insubstituível na produção de textos cômicos ou literários.",7
74c954e6ca0fc1fd,2026-09-04T10:13:50.612071+00:00,New York City to ban student AI use in public schools until high school - The Guardian,Nova York proíbe uso de IA por alunos até o ensino médio na maior rede escolar dos EUA,The Guardian,https://news.google.com/rss/articles/CBMihAFBVV95cUxPcWp3YXkycXA0amJyLVZfbzh3a25JUGl2aFhLZ0otVVRCNTFnSXZORm1ZMVU1MWsyQW9jYmJhaWYtQkZUaktocTdTQnpWQ21KWHVxLWw4ZnZWQVdzc2RIZ3IwWmtxZTRHUS1RazlSS0JNSmZWdGxfak5nNWZuSVJtM3pESkM?oc=5,"A cidade de Nova York anunciou a proibição do uso de inteligência artificial por estudantes até o ensino médio nas escolas públicas municipais, a maior rede escolar dos Estados Unidos. A medida gerou reação dividida entre educadores e representantes da indústria de tecnologia.","É uma decisão de grande escala que vai na contramão da tendência de adoção acelerada de IA nas escolas, partindo justamente do maior sistema escolar do país.","A proibição nova-iorquina pode motivar uma matéria comparativa sobre como diferentes países e redes de ensino estão lidando com a chegada da IA às salas de aula, servindo de contraste com a ausência de regulamentação clara no Brasil. Especialistas em política educacional ou gestão escolar poderiam avaliar se uma medida semelhante seria aplicável ou desejável no contexto brasileiro.",7
a1da3c03345becaf,2026-09-04T10:13:50.612071+00:00,Death of the essay: How AI is forcing universities to reinvent exams - AFR,Universidades repensam provas e exames diante da 'morte da redação' causada pela IA,AFR,https://news.google.com/rss/articles/CBMiywFBVV95cUxORlFieDhGX1c2bVFQR242WUVYcmdTbUczY1AyUGM0bERhbkFHbXpLeU9CcWpXNGVrdW5XbEhLSGN1TzhLZ2FXN2Q5MkxnSGZPVnd5cUpqMzhKRV9pNEJFZ0pFMTlVaF9xVzZfbndsT1BfVk5nVmh5bGJkdm1nV25hT2w1eG11UGJGN2ctNGpDeUFGNUlvZWJKd1hSamY3SVRleUl4azlWcjRpY25CTE4zbkZFYzIxYlhKY3pvMjhkeTlRRlp5M1lOd25HYw?oc=5,"Universidades ao redor do mundo estão reformulando seus modelos de avaliação, incluindo o retorno a provas presenciais e orais, diante da dificuldade de garantir a autoria de redações e trabalhos escritos na era da IA generativa. O fenômeno é descrito como uma crise no formato tradicional do ensaio acadêmico.","A ideia de que o ensaio, pilar da avaliação acadêmica há séculos, pode estar com os dias contados é um ângulo forte e pouco explorado na cobertura brasileira sobre IA na educação superior.","A reportagem pode abrir uma discussão sobre o futuro da avaliação escrita nas universidades brasileiras, questionando se o modelo de redação e trabalho dissertativo ainda faz sentido diante da IA generativa. Professores universitários de letras, pedagogia ou gestão acadêmica poderiam comentar alternativas de avaliação já em teste no Brasil ou no exterior.",8
0c8e90406c1cda95,2026-09-05T10:12:36.247713+00:00,New York City Bans A.I. in Elementary and Middle Schools - nytimes.com,Nova York proíbe uso de IA generativa em escolas de ensino fundamental,nytimes.com,https://news.google.com/rss/articles/CBMidkFVX3lxTE8wXzZnbFJaZHpuN1pnMWRTOWRJYXBnWHJIRDhzc0dEczB1anRKbjhiM2l1VXZkR1B2NFZTTjZOZ1NHeUdlbDRCeUR5dmpvSzdjNmlUUlI3N0pqTUI3VlhuZU1SbmRLN05vZnEtM0pjSFcxYUZBWVE?oc=5,A rede pública de Nova York decidiu vetar o uso de ferramentas de inteligência artificial generativa por alunos do ensino fundamental e dos anos iniciais do ensino médio. A medida contraria a tendência de expansão do uso de IA em salas de aula observada em outros países e estados americanos.,"Chama atenção porque vai na contramão do discurso dominante de que a IA deve ser incorporada cedo à educação, questionando os limites etários para o uso da tecnologia.","A proibição nova-iorquina abre espaço para uma matéria sobre até que ponto crianças pequenas devem ter contato com ferramentas de IA generativa na alfabetização e no letramento. Um especialista em políticas educacionais ou em desenvolvimento infantil e tecnologia poderia comentar se restrições por faixa etária fazem sentido pedagógico e como isso dialoga com discussões semelhantes no Brasil, onde ainda não há uma política nacional clara sobre o tema.",8
5966abefa903176c,2026-09-05T10:12:36.247713+00:00,Korea considers using AI to grade CSAT essay answers - The Korea Times,Coreia do Sul estuda usar IA para corrigir redações do principal exame nacional,The Korea Times,https://news.google.com/rss/articles/CBMisAFBVV95cUxNdFR6NHdwYlQ0RXliUE9WQmRZak1aaHdVZXh5Z1N2MXpTWDBZSDZSZGR1MVhIOElBUTBZdXZGQXJLWTlsY3o2OXpIdkRDTW4tUmZNTjRIUnFtVjdGTUNWR0tDUlVqcER0Qmh5T2tESGxmTmZDVlVVYkFhVkp1a2UtdG5SeWgtVDh2SUJhT2dwQ3ZLeEdiSlF1QkRTd1dFX2xndXdNMENPdGJDZXU5UDM2MNIBtgFBVV95cUxNTy1rWkVlLVE5N2V2MFlzSEhWb2hUQ1p1eGRmMndpZjZZUGdMVF9ZTjdTanB6OVFWb1NWTTR5c2p0anlyNDZZNXFEdzN5R2JOWk9waVFabGZ3R1ZVdEVmSmxkNnlMUzR2Zkkxd2x6aWtyd3U4TnI0SnpYbFlGbUxTRXd1NzVHUnExTjhpM1FSeWNudHpwdGIteEU5WFFVQzZ1cGN6NFBrRFpLb2lkZmRvRmJEYUdOdw?oc=5,"O governo sul-coreano avalia empregar inteligência artificial na correção das respostas dissertativas do CSAT, o equivalente ao vestibular nacional do país. A proposta gerou debate sobre confiabilidade e critérios de avaliação em um exame de alto impacto na vida dos estudantes.","É curioso porque envolve um dos exames mais concorridos e decisivos do mundo, elevando a aposta sobre erros ou vieses da IA na correção de textos em larga escala.","A discussão coreana permite pautar uma matéria sobre os limites da correção automatizada de redações em exames de larga escala, tema que já ressoa no Brasil com o Enem. Um especialista em avaliação educacional ou em linguística aplicada poderia comentar riscos de padronização excessiva, vieses do modelo e o que a experiência coreana pode ensinar para debates futuros sobre correção de redações por IA no país.",8
2ea2e0f788c2f171,2026-09-05T10:12:36.247713+00:00,SUNY schools add AI literacy requirement to curriculum - WWNY,Universidades públicas de Nova York tornam letramento em IA disciplina obrigatória,WWNY,https://news.google.com/rss/articles/CBMijwFBVV95cUxNOTlFM3BQN3ZJN1ExQmRYc3UxMGdHLXc0NlRBRW9HNm9kOEQ3RURTajhicDk1YW9LOExkcEpyVnh5ZGpIbkwyQ2d4a1NIRDdBeS1QV1VjQzZqRERyRVRlMG5zLXRibkVfOE8tQlFFTzVZRU1WRUVxNnpldGpMT3RTb0Z4akZWMW9jdkh1OHRQRdIBowFBVV95cUxPOFYyVzhwUWd5eTJxQm91aVFaNEJaMklBR29NMnFuQThyUHJaQ0M0bkRlZllkLWlCd0RKVE9LM1RWWnk4V0ItTDFqQUVrSjV1cHV5U1NORWJQYWdKampaMkRDX3AyTk9MUF8wV0xEUDM0eUtjbmZNSlp2cnJqTktfY2VjOF9kYk93dkxpUi1MWjVxbXRJNTFUWHo2cFBtUnk1VlFR?oc=5,"O sistema SUNY, que reúne dezenas de universidades públicas do estado de Nova York, passou a exigir que os estudantes cursem conteúdos de letramento em inteligência artificial como parte do currículo. A medida busca padronizar o conhecimento básico sobre uso crítico da tecnologia entre os alunos.","É um caso raro de letramento em IA virando exigência curricular formal em uma rede universitária inteira, e não apenas iniciativa isolada de professores.","A iniciativa da SUNY oferece gancho para uma matéria sobre como universidades brasileiras poderiam estruturar exigências semelhantes de letramento em IA, hoje tratadas de forma dispersa e não obrigatória. Um especialista em currículo universitário ou em políticas de ensino superior poderia avaliar se essa exigência é modelo replicável e quais competências deveriam compor um letramento em IA minimamente consistente.",7
bc4fea8585ae13ed,2026-09-05T10:12:36.247713+00:00,Fei-Fei Li: the real risk of AI in classrooms is students who stop wanting to learn - The Next Web,Cientista da Fei-Fei Li alerta que risco da IA na escola é desmotivar o aluno a aprender,The Next Web,https://news.google.com/rss/articles/CBMigwFBVV95cUxNc0prbDY2cDhELUw0VnBtYUNMRG5rODUtZlBkMllkaEJpMlpMYktTZmZ2ZHQwZEN0WUhrNzZDdEFHak12cmxDcHZtS1N6RmZhQ2czTU9uVVlpQVF0Vlk3X0MwMGJQX2tHbVZqbU1MNTY5ejlaekZCcGdtQWRrM1hrS1UwSQ?oc=5,"A pesquisadora Fei-Fei Li, referência global em inteligência artificial, afirmou que o maior perigo do uso da tecnologia em sala de aula não é o plágio, mas a perda do desejo genuíno de aprender por parte dos estudantes. A declaração desloca o debate educacional do foco tradicional em fraude para o campo da motivação e do sentido da aprendizagem.","O ângulo é pouco explorado porque a maior parte da cobertura sobre IA na escola trata de plágio e autoria, enquanto aqui a preocupação central é existencial e pedagógica.","A fala de uma referência internacional em IA permite uma matéria sobre os efeitos motivacionais do uso excessivo de ferramentas de IA no aprendizado, indo além da discussão recorrente sobre cola e autenticidade. Um especialista em psicologia da educação ou em neurociência da aprendizagem poderia comentar como o acesso fácil a respostas prontas pode afetar a curiosidade e a persistência dos estudantes brasileiros.",8
8eacdd4b3419e1cf,2026-09-05T10:12:36.247713+00:00,Norway Blocks AI for Elementary Students Starting August 2026 - Memeburn,Noruega vai proibir uso de IA por alunos do ensino fundamental a partir de 2026,Memeburn,https://news.google.com/rss/articles/CBMiiwFBVV95cUxOSm5pMUQzeTJoNVZEWXR2aUlaUHZqRHhfZnFGWjNMQkFOZ1hjN1gzaUlhb3R1bW5YRk1oRmxGUzhhTTFSaDhzYThvYlVkWXoyVlFUV3N0R3BBUzVfVWdKeTF1YldGTkdSaThLb3BXWFd4bi1IVjBqT09Kci1VbHE0bkZ1cDNpaWczYTM0?oc=5,O governo norueguês anunciou que bloqueará o acesso a ferramentas de inteligência artificial generativa para estudantes das séries iniciais a partir de agosto de 2026. A decisão integra uma política nacional mais ampla de regulação do uso de tecnologia digital nas escolas.,"É notável porque a Noruega, país com forte tradição de inovação educacional, opta por restringir em vez de expandir o acesso à IA nos anos iniciais, contrariando a expectativa comum.","A medida norueguesa rende uma matéria comparativa sobre diferentes abordagens regulatórias para IA na infância escolar, especialmente ao lado de casos como o de Nova York. Um especialista em políticas públicas de educação digital poderia comentar se restrições por idade são tecnicamente viáveis de fiscalizar e o que essa tendência sinaliza para debates regulatórios ainda incipientes no Brasil.",8
194717d2d24c1f38,2026-09-05T10:12:36.247713+00:00,"Si la inteligencia artificial puede aprobar la universidad, ¿qué estamos enseñando? - Infobae",Reportagem questiona o que ensinar se a IA já consegue passar em provas universitárias,Infobae,https://news.google.com/rss/articles/CBMiwgFBVV95cUxOSUdISzl1RTZfcE9uc0JGTXFxNkN2Y3ptSkhfYW9maDJqMGF1SmdYRkRwVmk1aVVpeVVBaDZLNTU1cVpfM2V0NmRqb0JVRy1YR0tTNVMtS09ZcGFhWEJSaV9TV0tMUnRSTGJkQk1QRHZ2cDBBOGNJdFpYcGlvdklOel9KQ015VjBKazMyTUUtdDJPZlR3WGNzd2EyTWhvd3hzQWpvUFBiS2dCSnNHSURPWWNFMk5LMWxQM2lkV1lIVjFQd9IB3AFBVV95cUxQYXZCY3o4RGxaTDNFRjRLZ1M4VFl4cVRabmxBR1YwRHExQ2t6VmVKbXhvTURQR0E0dDhvbWo3bl95eFFkYkRVNVd2blFlSFBOeHR1OWprZnVmSWRYR0wyMmJ4RkVjTVRIZE9LMGhrUmNUZE1RSENNeGhad2lSdmhtSW0wNENKbVU4OTVicFhlejlfV2ZIZGVxV1c3dTFKOGZwMVpzSEgtQ0lkOW4yZmdPU2F1WnpleTNSeTBrQ3ZLdWtOVm9SQjV4VWRMUDZidFdXSHdOckJtMTQ0RGN2?oc=5,"Uma reportagem da Infobae discute o impacto de modelos de IA capazes de responder e ser aprovados em avaliações universitárias tradicionais, questionando o sentido de métodos de ensino baseados em memorização e reprodução de conteúdo. O texto reúne reflexões sobre currículo, avaliação e o papel do professor diante desse cenário.","O tema é curioso por expor um paradoxo já sentido por educadores, mas raramente formulado de modo tão direto: se a máquina passa nas provas, o que a prova está de fato avaliando.","A discussão levantada pela reportagem espanhola permite uma matéria sobre a necessidade de repensar formatos de avaliação universitária no Brasil diante da capacidade da IA de responder testes tradicionais. Um especialista em avaliação educacional ou em pedagogia universitária poderia comentar alternativas como avaliação processual, oral ou baseada em produção autoral acompanhada, e como isso afeta a autenticidade da escrita acadêmica.",7
ab57ed3c815d35f5,2026-09-06T10:13:06.041354+00:00,Teachers Trade AI Policing for AI Acceptance - streamlinefeed.co.ke,Escolas no Quênia trocam fiscalização por aceitação da IA em sala de aula,streamlinefeed.co.ke,https://news.google.com/rss/articles/CBMihAFBVV95cUxNVzVvbEpXRmVvN1N1ekVNV19pWUcxYkNpS2U5NmtqVFF1d2hOWDh3RDg5YlhxU2FPQlVFTXB5b1d5N1BFY3BSUnZobF9aaExZMV9ucWN3VnZsMlYzQ2hDa2lqUTMzWEg0b0FOaHJVMk1heXNKTnVOd05ibmFMbFU5eWZ1Nkc?oc=5,"Reportagem relata uma virada de postura entre professores quenianos, que abandonam a tentativa de policiar o uso de inteligência artificial pelos alunos e passam a incorporá-la como ferramenta pedagógica. A mudança reflete um debate mais amplo sobre como lidar com IA generativa na produção de textos escolares.","O caso foge do lugar-comum da cobertura brasileira, que costuma focar em detecção de plágio, e mostra uma alternativa pouco discutida por aqui: aceitar a IA como parte do processo de aprendizagem em vez de combatê-la.","Vale explorar como escolas brasileiras têm lidado com esse mesmo dilema entre proibir e integrar a IA na produção de textos dos alunos, contrastando com a experiência queniana. Um especialista em avaliação educacional ou em formação docente para tecnologias digitais poderia comentar se essa migração de postura já aparece em redes de ensino no Brasil e quais os riscos e ganhos pedagógicos dessa escolha.",7
d9b7e582e75ae0ac,2026-09-06T10:13:06.041354+00:00,From 7D VR labs to AI apps: Meet teachers transforming India's rural classrooms - India Today,Professores usam laboratórios de VR e aplicativos de IA para transformar escolas rurais na Índia,India Today,https://news.google.com/rss/articles/CBMi-wFBVV95cUxPNFdjYWoyTi1ucnZhcTIxZ0RBa01qc2NjR2M0cVNWei1VU29aRXp0QmgyUGVUSDBCaXhzZ1Npb2dIdS16RXBNU1VuRHgtVVE1Q3hHU1A2SU54SWNPcE1vM1BGWUk2VUhMb0Z2amZqNlhJM2lRei1XSHphcVN1LXF5Z2I5d1B6dndaZjRHQy1zVjNBOHZGeU1qRGFpS3ZOallfOUQ5WXlneWNiWHIzcUF4Vmc0eDctR0ZmelMzRUZFb2dCaERZVE1EVHgyY1B0RUxxb1I3UE5Gb2dIV2dCMHprdVFkbUJxVi1HdmdlV0ZicV9FNU5hU0VMc29CUdIBgAJBVV95cUxPYXNhOXNIVFFQd29mZG8yeUYzY3dOQ04yMmtXbkZLUzBDLW5FajRGc2NidlNJRGtNVnNXbjJBQWxodDFGOE0tczhlUmlHcGtDcTV3U3lfUUZHM0NpNDhVSXlrOG53cEh1THZpWUdWQUZndDdQNWI4UWQzbDF2QlNhY3AzWUxBNXExUW5idy1xY092Y3F2NldocEFuZlhoUW1HVnFjdUlCcjFvMklfVmRSMDdlNjZDSjh2NHJWS3B4blRBYk43UkdsZ0Z6Nl9fbHdTY0Qxc1lpU0NBRDN5ZVR4SWMxNmlBYUNXMHVTcXJXQlVwZlFEQ3RWSGx1Q2s5NVpL?oc=5,"Reportagem indiana mostra professores de áreas rurais adotando tecnologias como laboratórios de realidade virtual e aplicativos de inteligência artificial para superar limitações de infraestrutura. A iniciativa parte de educadores individuais, não de políticas públicas centralizadas.","O uso de tecnologia de ponta como saída criativa para a precariedade estrutural é um contraste pouco explorado na imprensa brasileira, que tende a tratar IA na educação como pauta urbana e de escolas bem equipadas.","A matéria pode investigar paralelos com a realidade de escolas rurais brasileiras, perguntando a especialistas em tecnologia educacional e formação de professores se soluções de baixo custo com IA poderiam ser replicadas no Brasil e quais barreiras de infraestrutura e capacitação docente precisariam ser superadas antes disso.",7
c12dcd5dd7101e49,2026-09-06T10:13:06.041354+00:00,"LSU expanded resources to keep up with AI cheating cases, provost says - WAFB",Universidade americana amplia estrutura para lidar com casos de cola usando IA,WAFB,https://news.google.com/rss/articles/CBMioAFBVV95cUxOYURqRExCS3RNdWMyV1ZLR0VSblZySVNYd0xCSlhoVnNodEwyVFVVdEUxYXVrQUsyWDJaTE9IT2NkdENFUWk5b0JwNlZyZGxUaTlidVlrcHRtcVVaN2w3ZS16U1NOU0t4ajdlbEJMYmR3Y1ZNMTllb0hoZ3ZmQkdNX1pzZFVPeDk2WXctZnloczJVMTBEenBqLXZuRGJhMl9s0gG0AUFVX3lxTE8xZzJJYldtcnhxRDEzWHdNVUVRYUdoUWZhckJSam9QM0FZWjA4WVdWbWYyNzI0YXJaQl9pdURrUDJkbktXRDVwZWlGSV9FbHNzUW5oSFZFMXE1UXZ2ZEVCV09peVE1REdKUFVXODcxaGxCdTVjQTNvM0lNX3dSUHFLdktJSXdlb3lrS1FwQy12dHNQQ1NySDVQdmFpNGtHY09jZktKTVRyUjBnVWczcmdTMFZqXw?oc=5,"A Louisiana State University (LSU) anunciou expansão de recursos institucionais para investigar e responder a casos de uso indevido de inteligência artificial em trabalhos acadêmicos, segundo declaração do provost da universidade. A medida indica que o problema de autoria e integridade textual se tornou estrutural nas instituições de ensino superior.","O caso mostra que universidades no exterior já tratam o problema como questão de gestão institucional permanente, e não apenas como incidente pontual, algo ainda incipiente no debate brasileiro sobre integridade acadêmica.","Pode-se perguntar a especialistas em avaliação e integridade acadêmica brasileira se universidades no Brasil já têm estruturas equivalentes para lidar com o uso de IA em trabalhos, e como as instituições estão repensando critérios de autoria e originalidade diante da IA generativa, usando o caso americano como parâmetro comparativo.",7
f7b0383670be6835,2026-09-07T10:13:57.384214+00:00,"Long Story Short: A $40,000-per-year AI school with no teachers is opening in Oklahoma this August - KGOU",Escola sem professores usa só IA e cobra US$ 40 mil por ano em Oklahoma,KGOU,https://news.google.com/rss/articles/CBMi-AFBVV95cUxPcTIwNDREU0ZIZnUyMnRDdENGWVFjSGFYMkxKMDZONGtTTDgwOXFQOUZEbHIzMUplQTI3WVlVRTF2bG1mb21tdGdxU1lrV2dhVnVHeFN4N2hoQWRQckRUWDBZUGdicERwRWkyVWZwQkRCR2pTOFZlek5pUkVvUXp2UnVNTmFtS0ZDcUFBeEdlN2FTVG9md3FXc0lmYkVEb1FKTm02ZlpmYkxKbkN4Z1lvNnVlS2k2YlFiRjU0Q0NKUUNOb3ppZm1sa2N3ODVDWmN1SU9HNmtyME54WGxxaHF4MHlHc1lRVlUzTDU0dzFIZEplVmlMRVRtaA?oc=5,"Uma nova escola nos Estados Unidos, que abre em agosto no estado de Oklahoma, promete ensinar sem a presença de professores humanos, substituídos por sistemas de inteligência artificial. A mensalidade anual chega a 40 mil dólares, o que a coloca entre as escolas particulares mais caras do país.","É um caso extremo e ainda raro de escolarização sem docentes, que testa os limites do que a IA pode substituir na educação formal e levanta debate sobre o papel humano no ensino.","A abertura de uma escola nos Estados Unidos que dispensa professores e aposta inteiramente em inteligência artificial oferece um gancho forte para discutir até onde a automação pode ir na educação básica. Um especialista em política educacional ou em formação docente poderia comentar os riscos pedagógicos e sociais dessa experiência, além de avaliar se um modelo assim seria viável ou desejável no contexto brasileiro.",9
0efe00946fc00032,2026-09-07T10:13:57.384214+00:00,These teachers fight AI cheating with classes that force students to show they are learning - The Washington Post,Professores nos EUA recriam aulas para impedir que alunos usem IA para colar,The Washington Post,https://news.google.com/rss/articles/CBMirwFBVV95cUxQOF9aeWFIYkNCeVJSQUpVaWtDalFWaHBfUFBRZ0dFRW9OOHprZHFmbjJMaWpEZEdISC1zQlQyNVBuR3hxRmRIeldFa3pQeHlBZkEtSDhmcEZIRFJ3WW1CT1RhODhJTEJXV0ZEMWd4OVZrVF81LWZRMXZtX3g1ejgxbFpUQ1FDMkJwWDNmWUZ3YjcyMEhrblFpNFRUbDBmckVKejNIbHB4c1g5dFotQ0tn?oc=5,"Reportagem do Washington Post mostra professores americanos redesenhando avaliações e dinâmicas de sala de aula para obrigar os estudantes a demonstrar, ao vivo, que realmente aprenderam o conteúdo. A estratégia surge como resposta ao uso disseminado de ferramentas de IA generativa para fazer trabalhos e provas.","O caso ilustra uma mudança concreta de metodologia de ensino motivada pela IA, indo além do discurso genérico sobre 'uso responsável' e mostrando soluções práticas testadas em sala.","A matéria pode ser usada como ponto de partida para investigar se escolas brasileiras já estão adaptando avaliações para lidar com o uso de IA por estudantes, e como professores de redação ou literatura enxergam essa mudança na forma de avaliar aprendizagem. Um especialista em avaliação educacional ou em ensino de escrita poderia comparar as estratégias americanas com o que já se pratica ou se discute no Brasil.",9
c743cd428efefe09,2026-09-07T10:13:57.384214+00:00,How Big Tech Captured American Schools - The New York Times,Como grandes empresas de tecnologia se infiltraram nas escolas americanas,The New York Times,https://news.google.com/rss/articles/CBMiigFBVV95cUxNeEtKWkZVWlNaXzBaLU95OFIxdUk2NkE4YURkWXdCT3FjX2VKblVaeE5EZFV0cmRlaEJES2VyMTJlT29UVDFObHZlZS1mdWNyM0xYenBXZXUxeXg1ZDY3MHk0UjJXOEY1VkpzZWZwa0VERDlMYzM2TUNHendXRFhncHlaeDJJY1lkemc?oc=5,"Reportagem do New York Times investiga como big techs expandiram sua influência dentro do sistema escolar dos Estados Unidos, oferecendo ferramentas, currículos e infraestrutura digital que moldam práticas pedagógicas. O texto discute os interesses comerciais por trás dessa presença e os efeitos sobre a autonomia docente.","O ângulo de investigação sobre poder corporativo na educação, e não apenas sobre benefícios técnicos da IA, é pouco explorado na cobertura brasileira e revela tensões sobre quem controla o currículo digital.","A reportagem permite discutir se e como empresas de tecnologia também vêm influenciando currículos e ferramentas usadas em escolas brasileiras, sobretudo em plataformas de correção de redação e ensino de leitura. Um pesquisador de políticas públicas em educação digital poderia comentar os riscos de dependência tecnológica e a falta de transparência sobre dados de estudantes.",8
0a5ab4dffbf74464,2026-09-07T10:13:57.384214+00:00,Éducation à l’ère de l’IA : une déclaration ministérielle sera adoptée - UNESCO,Unesco prepara declaração ministerial global sobre educação na era da IA,UNESCO,https://news.google.com/rss/articles/CBMivgFBVV95cUxQU0hILUY3R3h2aEQya3FEbm5abWozTGg2c3QzZ3lLOEtMYnlzV05vOFYxcFFkdHVFM0p0Q2JPdkRfdmpaSTMxdWVvQVJsTkU1Z2R4RHlkRW1IQUI2cGFNNkZleXJzWEl5WjZseUVEYnlKQ1lzc0NyQW51YkkwTldRS2xLcDVkT2tWYUtiQlBlaGJnOW9tWHNYdGVjSVNhTFJSR25XeFp0TWRQQmYyQndqdVZ3cjJMeE1XRzNKUDVR?oc=5,"A Unesco anunciou que uma declaração ministerial sobre educação e inteligência artificial será adotada em evento internacional, reunindo países para definir diretrizes comuns sobre o uso da tecnologia nas escolas. O documento deve tratar de formação docente, currículo e uso ético da IA.","É um movimento diplomático raro, que tenta criar um consenso internacional sobre um tema ainda tratado de forma fragmentada país a país, inclusive no Brasil.","A declaração da Unesco pode servir de gancho para perguntar como o Brasil pretende se posicionar frente a diretrizes internacionais sobre IA na educação, e se o país já tem alguma política nacional equivalente. Um especialista em política educacional internacional ou em direito educacional poderia avaliar o impacto prático desse tipo de acordo multilateral nas escolas brasileiras.",7
47beddc989ca4f33,2026-09-07T10:13:57.384214+00:00,Qu’est-ce qu’un « bon » prof à l’ère de l’IA ? - The Conversation,O que define um 'bom professor' na era da inteligência artificial,The Conversation,https://news.google.com/rss/articles/CBMie0FVX3lxTE95UmlyWGtHVkp6RHpIcjBHOTQ2ekRFamt6NUZTM2VqeGtYSEl1dmJ1eDRoaWg5WG5URkRGTHEtSmIzWG1JdldvSXdqWXFna0NjM2JyYWhJZVZQYU1zeFV5Y2RxOEZJbnAyLUNUcHltekRwenhRM3FwNnJjcw?oc=5,"Artigo do The Conversation discute como a definição do que é um professor competente está mudando com a chegada da IA generativa às escolas, questionando se habilidades tradicionais como correção e transmissão de conteúdo ainda são centrais. O texto propõe repensar a formação docente a partir de competências humanas que a IA não substitui.","A pergunta expõe uma crise de identidade profissional pouco discutida no Brasil, indo além do debate sobre ferramentas e tocando diretamente na autoridade e no sentido do trabalho docente.","O texto abre espaço para uma matéria sobre como a chegada da IA está reconfigurando a autoridade e o papel do professor dentro da sala de aula, tema pouco debatido de forma direta no Brasil. Um especialista em formação de professores ou em pedagogia poderia comentar quais competências humanas se tornam mais valorizadas quando tarefas de correção e explicação podem ser feitas por máquinas.",8
bb21a06aa773f2c5,2026-09-08T10:14:46.700434+00:00,New private school opening with AI being the teachers - KXAN Austin,Nova escola privada nos EUA terá inteligência artificial como professora,KXAN Austin,https://news.google.com/rss/articles/CBMihwFBVV95cUxQTEZBYWdUc1ZlNmNIVzI3Wk1aRDFadE9EZ0wzZ1FPZmlJTVFiZ0xsZDd5d1E2RFgydGdWcEFjRnB2ZHJTUUcxc2ZWeXZxNmxRVF9HMDgxVzhmRE02cm5fQWhYR2Y4b3VwMU04a1YxMHBvcC1DTGJmT29OWExOMzdtZDNPQVR6MlnSAYwBQVVfeXFMUFJxNmFfMVVJVEhmOC1jZ3NWdHl1S2ZVR2ZRSmlyTFlwVkJVWjRiYV9NdjgyZy1yRHZCYVN6WG9qUzJ5QXhyTGZVOVlEVTFBZWJaYWI2VWRKeXRCc1U1eDJSMUVubUl4LXJUTnhQNk1DVWtnYWx1QkR6ZjZWMkt4QV9EWHdFWEdMeXFKRU8?oc=5,"Uma nova escola privada está sendo inaugurada nos Estados Unidos com o diferencial de utilizar sistemas de inteligência artificial como principais responsáveis pelo ensino dos alunos, substituindo o papel tradicional dos professores humanos. A proposta representa uma ruptura com o modelo convencional de sala de aula, colocando a tecnologia no centro do processo pedagógico.","O caso é curioso porque leva ao extremo um debate que no Brasil ainda está em estágio inicial, sobre até que ponto a IA pode ou deve substituir a figura do professor, e não apenas apoiá-lo. É um experimento concreto que testa limites de autoridade pedagógica e vínculo humano na educação.","A abertura dessa escola oferece um gancho direto para discutir os limites da automação no ensino e o que se perde ou se ganha quando a IA assume o papel central de educar crianças. Um especialista em tecnologia educacional ou um pedagogo que estude formação de professores poderia comentar os riscos pedagógicos e emocionais dessa substituição, além de traçar paralelos com experiências ainda tímidas no Brasil de uso de IA em sala de aula.",8
f55a6655a8f0f62f,2026-09-08T10:14:46.700434+00:00,"Estudiantes colombianos, los que más usan inteligencia artificial en América Latina - Caracol Radio",Estudantes colombianos lideram uso de inteligência artificial na América Latina,Caracol Radio,https://news.google.com/rss/articles/CBMiuAFBVV95cUxQak1sZFl3TnoycExHa1JNTHVoSmx0SW5qRmxHbXZ6amE5a3VPSG01RFlkWnNyMDlCNzU2SEpCWkU0dEJsdm9DOGZoT0lFT0FGOWFsblJaOEs2RDZiODFfZEg1RFdpMWhrVEJmTUdfMHR1UmFLSzVHSUtMVnZUZ2J4MEhIamlTWkF1bW1wanFCZkxBWlhmQ2k3aVdKSnpXUEdrSjI1ZkRGS29lTEtYQ3V4MXc2SXM5cFZ10gHMAUFVX3lxTFBFakcyQ1pxZ3FWcG9SdUs2NzhyUDFGdFNleFpfdERNWjZGa1ZLdVZUZWZDT2pVNFdSRkJRQkx3S1lobmYyU2RoQUo4QnpwZXI5eUs5VG0wUjFOaUVvbE93Y012SWdfSTE0NE5pS1ZJOEdlR3NpTVpFN1FDazBFSnk0UUJXa1htSlVmOG96cElFVjk3UmtkMnVyaWNrM0dpLVBRVUgtSVBFZmxybXNicmVXWll5cXoxenZLSjYtRDV3V3F1WVB1UVFpRlI2NQ?oc=5,Uma pesquisa recente indica que os estudantes da Colômbia são os que mais utilizam ferramentas de inteligência artificial entre os países da América Latina. O levantamento evidencia diferenças regionais na adoção de tecnologia por parte de jovens em contexto escolar e acadêmico.,"O dado chama atenção por colocar a Colômbia, e não o Brasil, na liderança do uso estudantil de IA na região, abrindo espaço para comparar políticas educacionais e culturais entre os países latino-americanos. É uma métrica concreta pouco explorada na cobertura brasileira sobre adoção de IA por jovens.","A matéria pode explorar por que a Colômbia se destaca nesse uso e como o Brasil se compara nesse cenário regional, investigando fatores como acesso à tecnologia, políticas escolares e cultura de uso entre estudantes. Um pesquisador em educação comparada ou um especialista em letramento digital latino-americano poderia contextualizar os números e discutir o que esse padrão revela sobre autonomia, autoria e aprendizagem mediada por IA na região.",7
132d85566383a3a8,2026-09-09T10:14:44.102046+00:00,Alpha Chicago opens as first AI school in city without teachers; created by Mackenzie Price - ABC7 Chicago,"Chicago ganha primeira escola sem professores, dirigida por tutores de IA",ABC7 Chicago,https://news.google.com/rss/articles/CBMisgFBVV95cUxNSmlrYXhsSEtSbmY2akVXTWc2d25pNWJTcTAzN25obHR0Y01KU3l3SXNFUUYxQjZyOFppLUVfUENpRHRGc2lYelRxT2FNRC03SkRVU1JKakFNUlkteTV1UC0yTHQwMTFUZUF2SmhjemFQTjhtbFVmamFkRzVrdzNVQXhheHhpaVlaTVdCbWcyUXM5akNLOWhHdW0zaHhQclhDbEhPWUdNejROcTJkaVRQcUJ30gG3AUFVX3lxTE80TktEODJOdXpoX0dDWW01aTE2ckdIWGQyQ2h0aXI2bHRtOURfV0tPcFd3RkJ4a2JQZGlqZU1RUThrMHgwN3hsVGRXNThod3RXMW5GRWU5RzRlNlpIc1RGcU42VEl2c1p6RF9yZm5fbThUT2QyMmxFdlcxZW5Ub2JEZmh1WDNKLV9EVEpNeFZVcDdReS1PWFBNMkFaT2UwVjRTMi1uTnAyZzB6V1F3VE8ycDhzaGdLaw?oc=5,"A escola Alpha Chicago abriu como a primeira instituição da cidade sem professores tradicionais em sala de aula, substituídos por sistemas de tutoria baseados em inteligência artificial. O modelo foi criado pela empreendedora Mackenzie Price e já opera em outras cidades americanas antes de chegar a Chicago.","A ideia de uma escola inteira sem professores humanos rompe com o imaginário mais comum sobre IA na educação, que costuma ser apresentada como ferramenta de apoio e não como substituta do docente.","A abertura de uma escola sem professores nos Estados Unidos permite discutir até onde a automação pode avançar no ensino básico e quais funções pedagógicas exigem necessariamente presença humana. Um especialista em formação docente ou em políticas educacionais poderia comentar os riscos e limites desse modelo, especialmente pensando em como ele poderia ou não ser adaptado à realidade escolar brasileira.",9
3d479ccf35ebe873,2026-09-09T10:14:44.102046+00:00,El Salvador Expands Classroom AI Tutors After Pilot Scores Rise; New York Restricts Student Use - The South Shore Press,"Enquanto El Salvador amplia tutores de IA nas escolas, Nova York restringe o uso por alunos",The South Shore Press,https://news.google.com/rss/articles/CBMixgFBVV95cUxQUWpobXllc1hOR25RcEpZUmQycFhPa1BoNkd0SWdNaVM3R0w3MFN0VzZxWG9yTFJoUkVPZFpXZk0zdklSTUVSbW1faXBuaDhra1h3aV9oZlFmZzNBZm5TeVhPVk94TTZjU040OUFlNnZBZHRXemh2eUhaTHNpb3JYQnhyU0VMcTQtRFNWNVVKWWJJRWZEY29weE50SEQ1bE1kVlNDX0wySHVCS25peGR2WUFUVmJSaXY3TExWUTJfNUk4cU5yaGc?oc=5,"El Salvador decidiu expandir o uso de tutores de inteligência artificial em salas de aula depois que um projeto piloto mostrou melhora nas notas dos estudantes. No mesmo período, o estado de Nova York optou por restringir o uso de IA por alunos, citando preocupações pedagógicas.","O contraste entre dois países que caminham em direções opostas na mesma tecnologia educacional mostra que não há consenso internacional sobre o uso de IA em sala de aula, algo pouco discutido na cobertura brasileira.","A divergência entre as políticas de El Salvador e Nova York oferece um gancho natural para uma matéria comparativa sobre modelos regulatórios de IA na educação. Pesquisadores de políticas públicas educacionais ou especialistas em tecnologia na escola poderiam explicar os critérios usados por cada país para decidir entre expandir ou restringir o uso, e o que isso sinaliza para debates semelhantes que podem chegar ao Brasil.",8
6ff86680c717269a,2026-09-09T10:14:44.102046+00:00,The University Of Chicago Expands Bans On AI And Other Technology - Forbes,Universidade de Chicago amplia proibição do uso de IA e outras tecnologias em sala de aula,Forbes,https://news.google.com/rss/articles/CBMiwAFBVV95cUxOc0s2Ti0xRUxseTB4dy1fUTcwNFNOcjd1TmU2VnRTVG91SllyeGZOY2RuMTl0T005OUNGbWF2MWxjdVh1dmJLNVYyMlItN0t2bzJVY21YQlRGZm1NVVlkaHJUUU9WcXktTl9pSEZreHd4Nl9oWmVHZnVheXozSi1BVmZZeG9GR0VEa3lrVTRIM1RDSFdfUmQ5Y1dCREJFUXBSYTFnUXAtV202UUtXSE12c2tPVFRxTVNsZlhLSmFFaU4?oc=5,A Universidade de Chicago decidiu ampliar as restrições ao uso de inteligência artificial e de outros dispositivos tecnológicos durante as aulas. A medida ocorre na mesma cidade onde recentemente foi inaugurada uma escola básica que depende inteiramente de tutores de IA.,"O contraste entre uma escola básica que abraça totalmente a IA e uma universidade tradicional que recua no uso da tecnologia, na mesma cidade, evidencia a falta de consenso sobre o tema mesmo dentro de um único sistema educacional.",A decisão da Universidade de Chicago de restringir o uso de IA pode ser contraposta ao caso da escola Alpha Chicago para ilustrar visões opostas sobre a tecnologia dentro da educação americana. Um especialista em ensino superior ou em avaliação acadêmica poderia comentar os argumentos por trás de proibições institucionais e como isso dialoga com discussões sobre autoria e integridade acadêmica no Brasil.,7
6ee8652c2c1ccd91,2026-09-09T10:14:44.102046+00:00,Teachers warn of A.I. generated lesson plan mistakes - NBC News,Professores nos Estados Unidos alertam para erros em planos de aula gerados por IA,NBC News,https://news.google.com/rss/articles/CBMiqwFBVV95cUxPN2RmZmtGb2ZtbWFEY0JHZFBWamRIMm1IUnBQN1RMSmFaLXp4QllXeDR6ZjRlcVhwRnlqeWt0MnRhaDk2ZFA5WUJQeXRFYjFEN0F0bU9kM21GNTBlaGR6c252bV9qVHVsY29la0tiaExBRmpyeWlzdTlfeEtvd0EtVzRkWDBnQ3pXNWJ2dERLdE9WUUhOVUI1OWd1WTg0b2RGUmxMR1Z2eWQwX3M?oc=5,"Educadores americanos relataram à imprensa erros recorrentes em planos de aula produzidos com apoio de inteligência artificial, incluindo informações incorretas e falta de adequação pedagógica. O alerta reacende o debate sobre a necessidade de formação específica para o uso responsável dessas ferramentas por docentes.","O caso mostra um efeito colateral pouco explorado da adoção de IA na educação, o de que a própria produção do material didático pode carregar erros que passam despercebidos por professores sobrecarregados.",O relato de professores americanos sobre falhas em planos de aula gerados por IA abre espaço para uma matéria sobre formação docente e uso crítico dessas ferramentas no Brasil. Um especialista em formação de professores ou em tecnologia educacional poderia avaliar quais cuidados são necessários para evitar que erros de IA cheguem à sala de aula sem revisão humana adequada.,7
c674b3b6105de9bd,2026-09-09T10:14:44.102046+00:00,Adriana Puiggrós relativizó la caída en pruebas PISA y criticó prohibir la inteligencia artificial en las aula... - Perfil,Educadora argentina relativiza queda no PISA e critica proibição de IA nas escolas,Perfil,https://news.google.com/rss/articles/CBMi9AFBVV95cUxPdFRBeFFDdlgwQjFCR3p2QlNsMW9zSHJUS0FES0oyVG1VSlJ3dVlpbDdObFlFdEFuTGRyQmRiYXl0bGNJU2o5Q1dGQ0M0S3VjNXcwaVB5c1BjWEU3WVVHd09ra1BBdm1Jbll4SEJOSEZ6WjFNR0FmcVppYUJlRVVPbnh0Q3pVbjY2eDZHalBNMnN1aEhEbXdXaVFjM0RCTEFidVVPRWJzZVhjQ3F0a2pCb09tZWg0N2ZIUV81RmV3UVVnWDVpcUMwb2xNZHVkdEZMeldEclctUDB5dDZjSy04V0ctem9NZ0dXa0xyNF9wcF9PVmZU0gH6AUFVX3lxTFBVbENYREx1b0lYVkNqbXY0RnVsLThpcVdiOE5LSURBUjRaa0lnMFMzb0NTWGM3SGpSdG1JcTlNNUs2MjhIYkNtcWl6LU1GeHVLd01lTHVNSlpaenM2aUlRQjFaRmtRTGNPNTRvalRZMElLcWp6Z3k0Y2RXd2tXdU52LV9jX2k5cGh5Qy1ObzRLWWdZYkRKaWRSdUs0WjZvci12Nmc4aDBMSzdpR3JObGUxU0dFYklqd01oWUJvaXQ2SWhCLTdnM3hQQUliNFN5NlQyN002bDBrTXFqUUtLYTVMUUFpZ3JmWGtNT0NDWmdLc3EyYk10STljZUE?oc=5,A pedagoga argentina Adriana Puiggrós questionou a interpretação da queda do país nas provas do PISA e criticou iniciativas que buscam proibir o uso de inteligência artificial nas salas de aula. A declaração ocorre em meio ao debate regional sobre como equilibrar avaliação de desempenho e novas tecnologias no ensino.,A crítica de uma especialista latino-americana às proibições de IA contrasta com o movimento observado em outros países e traz uma perspectiva regional pouco explorada na imprensa brasileira sobre o tema.,"A declaração da educadora argentina permite uma matéria sobre como países da América Latina estão lidando com o dilema entre restringir ou incorporar IA no ensino, especialmente diante de resultados de avaliações internacionais como o PISA. Um especialista brasileiro em avaliação educacional poderia comentar se proibições de tecnologia realmente afetam o desempenho dos estudantes ou se o problema está em outro lugar.",7
b42ac47231fd4a63,2026-09-09T10:14:44.102046+00:00,Une littératie de l'intelligence artificielle serait nécessaire pour les élèves - Noovo Info,Especialistas defendem letramento em inteligência artificial como necessidade escolar no Canadá,Noovo Info,https://news.google.com/rss/articles/CBMiygFBVV95cUxOck9VWjd0SGsyOUxrdjJNc0hma1NBaEN4cm9OajlaRkVGd1luVTZ6UmlBS0Q3TG1UZDhkM3VhM2JiNFd4bzllWVRINFJzMlVTaWxoQWwzdzFXWlV0UnZPZGMwUEpubzVtOUNQOWtPXzRnRDhKbmk4d0ZPWjBzZFdQRGMzRkxyeHNlVEtGd2RhTmJIRTZpNXJLZEIzVXVMaktKM2p4am1TQkszYTV0MTBPa1J6Z0xtT0UxS29FbGt2a1FNMWhXaWdTX1V3?oc=5,"Educadores canadenses argumentam que os alunos precisam desenvolver uma literacia específica em inteligência artificial, que vá além do uso técnico das ferramentas e inclua pensamento crítico sobre seus limites e riscos. A discussão ganha força à medida que o uso de IA se torna mais comum entre estudantes.","O conceito de letramento em IA como habilidade escolar formal ainda é pouco discutido no Brasil, e o caso canadense mostra como outros países já tentam transformar isso em política educacional concreta.",A proposta de letramento em inteligência artificial como competência escolar oferece um gancho para discutir se e como o currículo brasileiro deveria incorporar esse tipo de formação. Um especialista em letramento digital ou em currículo escolar poderia comentar experiências internacionais nesse sentido e os desafios de implementação no contexto brasileiro.,7
439cacc2d55dfd27,2026-09-10T10:14:40.107149+00:00,"First AI-driven, teacher-free school in Chicago opens with $55,000 annual tuition - NBC 5 Chicago",Escola sem professores movida a IA abre em Chicago com mensalidade de 55 mil dólares por ano,NBC 5 Chicago,https://news.google.com/rss/articles/CBMiwwFBVV95cUxPWnhEVzZQUDNLOUJ6aFY3MU9IeXlMYVg4QldLVTFBdGYxQXlwSThfN0dGdjdGaVYwOUpwd2EtVlJBR0VCX3ZXUzdkZDFYNzhZUWxmMEdwN0VfUkd5dTJMdVlESml3azJ2aDBjZmQ4OXhXSWJmNVJHTGZBRFpNbk1sLU1SVUlQdmlpNVEwTkxSbzVVQ0pGYlktTjZlYWhfeHRkVWdra3dfVDBESnFiazdTNmNNYlhNQ0h1VHI3VnNnR2NBUWPSAcsBQVVfeXFMUEJqNktMRlhFVkdPZ0tIU1hnSDNUX05WcF9VNXdUWUdnSGw4NjZzTHpEREdieS1PbTVpSWpIZzE5TFlZclBFMGEtendCdFRWbXVJeDd0WFYyLXBKOXN1LXRNVnIxUkpuWkpKcVM3MjluN19XVWI0UXVfbEtQczJ2bmtjMDk3NzdMeF9fZG9UVHgwWktWTDV4eVoxbzdQRjJzanRNS0FQaDdYSWctNm16bzNfbXpHWnRKTWg3WHFfYlRFR2xUUm5tTlg3dEk?oc=5,"Uma nova escola em Chicago iniciou as atividades sem professores humanos, substituídos por sistemas de inteligência artificial que conduzem o ensino dos alunos. O modelo cobra mensalidade anual de 55 mil dólares e já gera debate sobre os limites da automação na educação.","É um caso extremo e ainda raro de substituição total do papel docente por IA, o que rompe com o discurso mais comum de IA como apoio ao professor e não como substituta dele.","A reportagem pode explorar até onde a automação do ensino pode chegar sem prejudicar aspectos como mediação pedagógica, formação de vínculo e avaliação crítica dos alunos. Especialistas em educação, tecnologia educacional ou psicologia escolar podem comentar os riscos e possíveis benefícios desse modelo, além de discutir se ele é replicável ou desejável em outros contextos, incluindo o Brasil.",9
70af0ccf6eb2fa1d,2026-09-10T10:14:40.107149+00:00,Harvard Humanities Faculty Push Back on Deming’s Call for AI Use in Writing Courses - The Harvard Crimson,Professores de humanidades de Harvard resistem a proposta de uso obrigatório de IA nas aulas de escrita,The Harvard Crimson,https://news.google.com/rss/articles/CBMif0FVX3lxTE1BZHBEQjdlYnZSUFpEZkh2NElWdDFrZFR3OUh6eDJoQm9jQmhNaktxUmpOOUZRR2ZfR3lYNVVwMVJuNGE1V2lvMEFCQlE4RUt3azR4cEZjSHQ3SkJHNlMxcEVuNUJaOE1DaFYzR1lic1NPZnRXdS1UaklmNjlRT2s?oc=5,Um grupo de professores da área de humanidades de Harvard se posicionou contra uma recomendação de incorporar inteligência artificial nos cursos de redação da universidade. A divergência expõe tensões entre inovação tecnológica e preservação de métodos tradicionais de ensino da escrita.,"O caso ilustra de forma concreta o embate entre autoridade acadêmica e IA generativa em um dos centros mais influentes da educação mundial, tocando diretamente em autoria e autenticidade na escrita.","Vale pautar uma matéria sobre como universidades brasileiras estão lidando com esse mesmo dilema em cursos de letras, jornalismo e redação. Professores de escrita criativa, linguistas ou pesquisadores de educação superior podem comentar se a resistência de Harvard reflete uma tendência mais ampla de defesa da autoria humana diante da IA generativa.",9
715dfbba979e1574,2026-09-10T10:14:40.107149+00:00,New York City Bans AI in Classrooms as Mayor Mamdani Vows to ‘Get the Future Right’ - SheKnows,Nova York proíbe uso de IA generativa nas escolas públicas da cidade,SheKnows,https://news.google.com/rss/articles/CBMiiAFBVV95cUxPWGVEa1VhbkxKYnIwM3VOUmI3OVFmMVFCTjN1b3hlYk9ZNmJ6VFhWOHhCbU9LaXZpdWYxV25WUGNzQWNTak5VX0tWRjB3VjdWS1Z4ckNVM0FhWkY2Q3pYS25ya0xTVDdZVFhuWmZVX0d0dXdyN3ZnQ3lrNVlISVNZNkNTZVc3clRG?oc=5,"A prefeitura de Nova York anunciou a proibição do uso de inteligência artificial generativa nas salas de aula da rede municipal, sob justificativa de proteger o processo de aprendizagem dos estudantes. A medida contraria a tendência de adoção crescente de IA em outras redes de ensino nos Estados Unidos.","É uma decisão política de peso que vai na contramão do movimento predominante de incentivo ao uso de IA na educação, o que cria um contraste interessante para comparação com políticas públicas brasileiras.","Uma pauta pode comparar essa proibição com as diretrizes adotadas por secretarias de educação no Brasil, que em geral têm incentivado o uso de IA em sala de aula. Especialistas em política educacional ou gestores públicos de tecnologia na educação podem avaliar se banir a IA é uma solução viável ou apenas paliativa diante da falta de formação docente.",8
b6a0faa894d5d5b3,2026-09-10T10:14:40.107149+00:00,"Teachers in Europe worry AI is entering the classroom faster than schools can manage, new research shows - EdTech Innovation Hub",Pesquisa aponta que professores europeus veem IA avançar mais rápido do que as escolas conseguem administrar,EdTech Innovation Hub,https://news.google.com/rss/articles/CBMi3AFBVV95cUxQcVk1MUt3OVRERTFlODVLenNzLW9XU1BQM0pPdlREV3ZfSmdpSjJfQzdycVFvYzJpZi15dC1SclB4eUxPSkw3LTQyRmNqNXBWMGE4TE5wYnhlNWIwaElIcWV3RlBYdXhoN0NlVmpCUGFBUWQ2bkhNb1owQ3hxdmJ3eUtSbTc3OG9IYnBkbWtoRjRjWEtxdGd0N3I5d0xnWlJwSFJYd3phZmpDQlp6MnFOaGdtQ1ZsMGpsU1U0RGxuRzYwMVhrQkRDNFV3aDAzVGFnZ2NRVHJNdVNyTU5y?oc=5,"Um novo estudo realizado na Europa mostra que professores estão preocupados com a velocidade de adoção da inteligência artificial nas escolas, superior à capacidade das instituições de criar diretrizes e formação adequada. O levantamento reforça um alerta sobre a falta de preparo do sistema educacional para lidar com a tecnologia.","O dado quantifica algo que professores brasileiros também relatam informalmente, mas com respaldo de uma pesquisa internacional recente, o que fortalece o argumento para comparação e problematização local.","A matéria pode usar os dados europeus como gancho para perguntar se a realidade brasileira segue o mesmo padrão, ouvindo professores da educação básica e pesquisadores em formação docente sobre o descompasso entre a chegada da IA e a capacitação oferecida pelas redes de ensino no país.",8
cc4f278384fb7100,2026-09-10T10:14:40.107149+00:00,"No Homework, No Grading, No Teachers: AI-Powered School to Debut in Greenwich - CT Examiner","Escola nos Estados Unidos promete acabar com dever de casa, notas e professores usando IA",CT Examiner,https://news.google.com/rss/articles/CBMirgFBVV95cUxQMG8tYjRYSmVsTWNCZDZMQVZwRGVIN2Z6aUc2ZTlCeTRJT2JxX3FQRGhHQ3dIZ0RHbWxRMW1aeF8wQzFaZ0ptbFQ3V21vUTNjcTZMQm5aNlV0Q3Z6bWt6M1k0a0lwNDNZUVd6RHNIM1RNeEVjY0Rld0Vtd2l6N3BCOTJva1Nrd1ZkUi1VdFhNMDcxTVdiQjVzaVJqSzdLME9McnFEZ2czU25kYndfTWc?oc=5,"Uma instituição de ensino em Greenwich, Connecticut, vai inaugurar um modelo educacional baseado inteiramente em inteligência artificial, eliminando dever de casa, correção tradicional de provas e a figura do professor. O projeto se soma a outras iniciativas semelhantes nos Estados Unidos que testam a substituição do ensino presencial por sistemas automatizados.","O anúncio reforça uma tendência emergente e ainda pouco discutida no Brasil de escolas totalmente automatizadas, o que levanta questões sobre avaliação, aprendizagem socioemocional e o papel do professor.","Pode-se propor uma matéria que junte esse caso ao de Chicago para mapear essa tendência crescente nos Estados Unidos, questionando especialistas em avaliação educacional e formação docente sobre os impactos de longo prazo de escolas sem professores e sem correção humana de trabalhos.",8
708e05bd625fd9ca,2026-09-10T10:14:40.107149+00:00,Using AI-Generated Text in Reading Class? Watch for These Pitfalls - Education Week,Especialistas alertam para riscos do uso de textos gerados por IA nas aulas de leitura,Education Week,https://news.google.com/rss/articles/CBMiqwFBVV95cUxQTEZtbGZ0TE1SZURJajZmaktTQVFpZG9jaU9sX3U4cmpWM3A2SkRKamh1ZmFXYzY2dGJiNmhOeEpQdTVKby05WDFqMjN1T0ZUN2ZmbHpTS1FXUnRPb1BNc1B3ZUQxZFFrN1pkZUhmTjBnREhxUGtSM0FKd1NHOHNBaWJQcmJyQ1c2TlJQLVBZa1VmazA5ajdtcmJYNGItNVVjOGJJOGFELVZqMVE?oc=5,"Um artigo da Education Week discute os cuidados que professores devem ter ao utilizar textos produzidos por inteligência artificial em atividades de leitura em sala de aula. O texto aponta armadilhas relacionadas à qualidade, viés e autenticidade desses materiais.","O tema conecta diretamente letramento, autoria e uso pedagógico da IA, uma discussão ainda incipiente no debate público brasileiro sobre formação leitora.","A pauta pode explorar como escolas brasileiras estão utilizando ou evitando textos gerados por IA nas aulas de leitura e língua portuguesa, ouvindo professores de letramento e pesquisadores em ensino de leitura sobre critérios para validar ou descartar esse tipo de material em sala de aula.",7
868680b7e650890e,2026-09-11T10:14:25.069317+00:00,AI called Mali ‘Mail’ and Egypt ‘Sopth.’ Teachers are turning its mistakes into a lesson - Fortune,Erros de IA em nomes de países viram material didático nos EUA,Fortune,https://news.google.com/rss/articles/CBMibEFVX3lxTFBwTTV6cWY1S0xFUU1UYWNVSTZocmJpbWxzS1owaDZ1ZTJXWldqbWxHcExnTDNiQU9FdTlJTlVWS3VkWTJ5TVdIVlVDSWVUd21ObHluVFV0WHBGX3dJWGVCT2lnQU5KTDRkLVRpaw?oc=5,"Professores nos Estados Unidos passaram a usar erros cometidos por ferramentas de inteligência artificial, como confundir ""Mali"" com ""Mail"" e ""Egypt"" com ""Sopth"", como oportunidade de ensino sobre letramento midiático e verificação de fontes. A prática transforma falhas do sistema em exercício crítico sobre a confiabilidade da IA.","Inverte a lógica comum de medo do erro da IA, mostrando como educadores transformam falhas em ferramenta pedagógica, um ângulo inusitado sobre letramento em IA.","A matéria pode explorar estratégias de professores brasileiros para lidar com erros e alucinações de inteligência artificial em sala de aula, ouvindo um especialista em letramento digital ou educação midiática comentar o potencial pedagógico de transformar o erro algorítmico em conteúdo de ensino.",9
4c71c702ee6caf06,2026-09-11T10:14:25.069317+00:00,"Menos pantallas y precaución con la IA, las recomendaciones para evitar otra caída en el próximo Informe PISA: “Los alumnos responden igual que en el pasado, pero tienen menos capacidad de atención” - Infobae",Especialistas recomendam menos telas e cautela com IA para evitar nova queda no PISA,Infobae,https://news.google.com/rss/articles/CBMi1wJBVV95cUxNeS1rSjZkbmE5US1hc09PaThuXzBHME91b2VxWUlsTU5Dbnoxc2hJcHNlM1pVcGt1WXEzT3FNMHUybHNWMFhhdXNsNENlVVBrT3lYNVFkRW55VFQ4YUwtM3VXeUY1TXI3WWJGT19GRHMxbjJHUHhrdm1NRnRHOXVIc3J4cU15b0IxYVJXQmV3NW9FTVVTbk5yTExnSHZBZUJKSlhBSnNBclpodDNlcFdSamtCbFhaYzA1QzZ0eFQ0UkdhM3FMeC1BWFl4N1ItV2NfNnZwcEwyazZnVDctVXZRaXZRQS0zTnVvanNaSWJDYkNHRUtqU2JEeXpZM0N6RXdLU0l1VzU0NnNUQXY0WEgtUlJ6RWxCRVpZajRBRGlTTHNkMFY5eFQ1dXFlS2lONVpFWFNsazdpb3FYNjd1Y2I0UnRvVDYxVTFJM3JsM21hMk1QN3VfRUdr0gHyAkFVX3lxTE9tQWJtb2F5ZnFHNmFZU091ckdhaFhRenlXckRGMExaLUhMcmFjaGIzODlEOXM0SHpGWl9wR0ZyVnptUzJwNVliUWVkakdyV01wUENMSkFTc3ltMDVmdGRoN1d0VlJLUkNwbk1HcG1wMy0zSUVtRkxlOU9fMVBqd0lOM3VJOFRfTGstUlBGSDFteEVzdjlLYnAwclF4cnNHejM2WGtQNkEwRlpaRlJBUTNaRkpTMmhrY0JTS195c01rMkYzQUlLMlRlR2NseE51Zlh5R0RxVU8xUG5NSmFpSlowRmpqZ0YyNzY5dm1PNHMwLUJYcDdzLTY0WGt0YkNMeWhxc2FnQ255V3ZiTzhxYXBFdXlXSG15dXNqUXM3WE5TUUo2SWlEQ3N6UG1RcVNLSVkwSUxveGNYYThCV1JxTVhPRjNtQVlMWlFfSWNOOHNydm02R0hIUWJVUmFzcTJwZlJ3RlZtdzUtRkVUcEZJblRMR2c?oc=5,"Especialistas apontam que reduzir o tempo de tela e adotar cautela no uso de inteligência artificial nas escolas são recomendações centrais para evitar nova queda de desempenho no próximo relatório PISA. O argumento central é que os alunos mantêm capacidade de resposta similar à de anos anteriores, mas apresentam menor capacidade de atenção.","Relaciona diretamente o uso de tecnologia e de IA ao declínio de desempenho educacional medido internacionalmente, um recorte que ainda não ganhou grande repercussão na cobertura brasileira.","A pauta pode aprofundar o debate sobre atenção, telas e inteligência artificial na educação brasileira, ouvindo um especialista em avaliação educacional ou neurociência da aprendizagem sobre como esses fatores podem influenciar o desempenho do país em provas internacionais.",8
2f3ad4544a64eda6,2026-09-11T10:14:25.069317+00:00,"À Hanoï, l'enseignement de l'intelligence artificielle est dispensé de la 1re à la 12e année. - Vietnam.vn",Hanói ensina inteligência artificial da alfabetização ao ensino médio,Vietnam.vn,https://news.google.com/rss/articles/CBMikwFBVV95cUxPazVXc3BsME1VbnFPbHg4bVQ5OXZkWUFPUW5zTkZQeFVNQVAwTW5YOTRTVWU5MEY1RGF4eWJJemFOWkJhSFNLQVZyY0hZSk4xUVZNYzM3RVd1NWRmb2drUGk1QVhic2RwdEMxSVdQYXhBV0FzbWdqOEFnMU1vemxvRm5VV3R1OFI5aGtqd2htVGFRZms?oc=5,"A capital do Vietnã implementou um currículo de inteligência artificial que abrange do primeiro ao décimo segundo ano escolar, tornando a disciplina parte da formação básica dos estudantes. A iniciativa é apresentada como pioneira em escala nacional no país.","Representa um dos exemplos mais extremos de integração curricular de IA já registrados, servindo de contraponto às discussões brasileiras ainda tímidas sobre o tema no currículo escolar.","A matéria pode discutir se um modelo semelhante ao vietnamita seria viável ou desejável no Brasil, com um especialista em currículo escolar ou política educacional comentando os riscos e benefícios de ensinar inteligência artificial desde os anos iniciais.",8
d704280cf0d5e36a,2026-09-11T10:14:25.069317+00:00,Microsoft Reaches Pact With Teachers to Keep AI in the Classroom - Bloomberg.com,Microsoft e sindicatos de professores fecham acordo sobre privacidade de dados na educação com IA,Bloomberg.com,https://news.google.com/rss/articles/CBMiwgFBVV95cUxOUFY4bzZqRF9Mbm9iNzR5Z3ZnZ1U4Q0xSZThvLUd2aHMxNXJJaFNBZ3BDaDdOTXdYWHlPRDF3YlVkRHRGSjRoVE1FZ0FPaVpEdFJQNGVkOHlsMnVQMnRLMndfOVpaR0FRVk4wTnVsaUxfc0J4Z0ZRMF9wSGN6cHdZVmdqck9EM1RRRDh4dDk0eWRwakFhNEc3QkVfTzRTSmM5MWxoVHhVNjZoTkVDZV9pWFZPOEU2WnQ2RllfdXhWZ0swZw?oc=5,A Microsoft firmou acordo com sindicatos de professores dos Estados Unidos para estabelecer um padrão nacional de segurança e privacidade no uso de inteligência artificial em escolas. O acordo define regras sobre como dados de alunos podem ser utilizados por ferramentas de IA na educação.,"Mostra como a pressão de sindicatos está moldando políticas de privacidade de IA na educação, um debate que ainda engatinha no Brasil.","A pauta pode comparar essa realidade com o cenário brasileiro, onde não há regulação específica sobre dados escolares e IA, ouvindo um especialista em proteção de dados ou direito digital comentar os riscos do uso de informações de alunos por sistemas de inteligência artificial.",7
7f26969d0b2beca6,2026-09-11T10:14:25.069317+00:00,‘Children need to think for themselves’ — Former Tipperary teacher calls for AI classroom ban - independent.ie,Ex-professora irlandesa pede proibição de IA nas salas de aula,independent.ie,https://news.google.com/rss/articles/CBMi5AFBVV95cUxOb1NBS0w0bDlmU1pZdmJFenFZdFZjRWN1MEVmdkMzeGNEQVBvVWRNZWF3XzdBTG5hM2RETi1weXB4aGVuMUhrVzk3cnU1YTdnZl9Ib1FqaTF3NTZjYVUzNHAzR053N1dmYTZITEVWRzMwcEU5MWVEUl94eTh5elZabUhoS245Y3VQcHZNS1ZMRi0weHh1MHJXZW55SlFlOHJjVDhsU3VJZm5rc1NrZ0h3b0IwRlFHRFE5Rl9UYWl2RDVVeTY3enBLRlFhdUhUN0JPTnlIQ0xycGRlcEhFYzJMcXAzMDA?oc=5,"Uma ex-professora do condado de Tipperary, na Irlanda, defendeu publicamente a proibição do uso de inteligência artificial nas escolas, argumentando que crianças precisam aprender a pensar por conta própria. A declaração surge em meio ao debate sobre os efeitos da IA na autonomia intelectual dos estudantes.","Contraria a tendência dominante de adoção acelerada de IA na educação, trazendo um contraponto crítico pouco explorado na cobertura brasileira.","A pauta pode explorar o embate entre entusiasmo tecnológico e ceticismo pedagógico, com um especialista em educação ou psicologia cognitiva discutindo os efeitos do uso de inteligência artificial no desenvolvimento do pensamento crítico infantil.",7
ba23aecc4ceb1213,2026-09-11T10:14:25.069317+00:00,Intégrer l’IA dans la formation des futurs enseignants - Radio-Canada,Quebec integra inteligência artificial à formação de futuros professores,Radio-Canada,https://news.google.com/rss/articles/CBMi0AFBVV95cUxPbFp6M052b1BzemdjaExIaDdXQTZ5cmRnTjJpWDFaYS1OYnBMWWtRNTEwSDRHOHlONTlUVERaVHpUcVBfV0Q4a0xNa3lWM0pXRWZkVktfeEhLMUZlelFsS1VLSkszX2h5bTNpMDNlRWZWRG1PNGdoN2ZHeFFESmdGRlp6ODUwWDNYWFFNOXByUUUxbzdubzVqQmhncERiTFRMa1pENklyS21lREs0QVNmN1VTMXR0Qk1YYWt4UHp6enhLNW9KdFdsNnkyV0N4NGJp?oc=5,"Uma iniciativa no Canadá busca incorporar o uso de inteligência artificial na formação inicial de professores, preparando futuros educadores para lidar com essas ferramentas em sala de aula. A proposta discute tanto o uso pedagógico quanto os limites éticos da tecnologia na formação docente.","Mostra um modelo de formação docente já em prática no exterior, enquanto no Brasil essa discussão ainda é incipiente nos currículos de licenciatura.","A matéria pode comparar iniciativas de formação de professores para uso de IA no Brasil e no exterior, com um especialista em formação docente comentando lacunas curriculares nas licenciaturas brasileiras diante da chegada da inteligência artificial às escolas.",7
bdf4458034c9820d,2026-09-12T10:13:22.549646+00:00,"Universidad de Chicago prohíbe a sus alumnos usar IA y celulares en clase, ¿cuál es la mejor solución? | El Colombiano - El Colombiano",Universidade de Chicago proíbe uso de IA e celulares em sala de aula,El Colombiano,https://news.google.com/rss/articles/CBMi1wFBVV95cUxQOFozTjY5TlJDejJvcmdBVDBSWkV2V2YxTTZpcC1wRjA5eUtOdGJLLXlnRTZpbDdpR19xcDZRdmFfNDRvN2J6bUhsR0hoMEpmaE9neGZ6QzZUUllnSDVqT1VDbFF3bVNsZEtBVUdNZUxHa2Z2bTQ0LVhEV0ZhSElMb2FFVGgwTWJ0U3l5c2piOXQ3MkN1Z2l5TXFUVk40Vkt3R29XTzlSRXpmVlFSRzluRnNubDFBUzNLNU9UUm9qT2Qwb195UkIxZzZENlV1ZEE1VmxZZTRLSdIB3AFBVV95cUxOY3BESGdMdUtOdUFPN1dtNkhhamcyN0xYNnlNV1VrZ0FiWlpKTC04d0YzYkhRVi04TlNsaFRxblk0cHV0bHdYWWt3eDJxZlFMTlhMc0QxNmpMZHcyNzBVZU8wZUIxMWNIVlp6S196STlBLUpuSXpUaXRYSGhNTjlkU1BENGVXcG5yaGVoc1JoVHNlZEJtVDRhU2FRbE1Zb2t0N2NTTkI5VERhODBFekNOX1RGanZ0RjhNVWdrbnVtY2ctV2JpbW03bUR5ZXB4ZGFrbmFfVmRhVk12OVI3?oc=5,"A Universidade de Chicago decidiu vetar o uso de inteligência artificial e smartphones durante as aulas, buscando preservar a atenção e a interação direta dos estudantes. A medida se soma a um debate crescente entre instituições de ensino superior sobre como lidar com ferramentas de IA generativa no ambiente acadêmico.","O caso mostra uma resposta institucional radical e concreta a um problema que ainda gera muita hesitação nas universidades brasileiras, oferecendo um contraponto real para comparação. Além disso, levanta a questão de até que ponto proibições funcionam versus políticas de integração pedagógica.",A decisão de uma universidade de prestígio internacional de banir IA e celulares das salas de aula pode servir de gancho para discutir se universidades brasileiras deveriam adotar medidas semelhantes ou investir em outras estratégias pedagógicas. Um especialista em política educacional ou em ensino superior poderia comentar os prós e contras de proibições explícitas frente a modelos de integração controlada da tecnologia.,8
a63990acc03c14e9,2026-09-12T10:13:22.549646+00:00,Who Will Enforce the New A.I. Rules? Probably Teachers. - The New York Times,"Nos Estados Unidos, professores viram responsáveis por fiscalizar regras sobre uso de IA",The New York Times,https://news.google.com/rss/articles/CBMiogFBVV95cUxQLUxhNnhqYXdFWFNiVnh0S2RmWVZpcEhsOExzRzdyNEpQbFhLaUhzSXU1THZhSDNQNF9xZTdmcWdadnlyY3dJNlRnTWpNWm4zUjFJRExtbWhoeFBZYWFTdHhKLXc2dV9XVEVhV2Y2aVBOQTgwR09GalVDOUtpSDRGUWpVQUpfUHpwTGhVR0J1MGJiUUJQalhLNFdMWlhiY0dnY0E?oc=5,"Reportagem do New York Times mostra que, diante da falta de diretrizes claras de governos e instituições, são os próprios professores que acabam tendo que criar e aplicar regras sobre o uso de inteligência artificial pelos alunos. Isso gera sobrecarga de trabalho e tensões sobre autoridade e legitimidade em sala de aula.","O tema toca diretamente numa crise de autoridade docente pouco explorada na imprensa brasileira, mostrando como a ausência de políticas públicas empurra decisões pedagógicas delicadas para o professor individual. É um ângulo que humaniza o debate sobre IA na educação, indo além do discurso tecnológico.",A situação relatada nos Estados Unidos pode ser usada como espelho para investigar se professores brasileiros enfrentam o mesmo dilema de terem que criar suas próprias regras informais sobre uso de IA em avaliações e trabalhos escolares. Especialistas em formação docente ou em política educacional poderiam comentar os riscos dessa lacuna regulatória e como ela afeta a autoridade e a saúde mental dos professores.,8
bda31c37016ff455,2026-09-12T10:13:22.549646+00:00,Intégrer l’IA dans la formation des futurs enseignants - Radio-Canada,Canadá discute como preparar futuros professores para a era da IA,Radio-Canada,https://news.google.com/rss/articles/CBMinAFBVV95cUxNYlV1bDJBZGN2cmxDWXQ2dWVjNWxtY05sa2k4UkxzZnRWS1pMRzJlZUV4U3hSUEhNcUZTaTVGWDRxRzVxZkZHZzRlRm1iU0lITmM2T19UOXFwYUdtUzlJcUgxZGRGWVh4ZUhjelpNaHlwc2dieFNodVFzdU9ZOEVOUzRqNGR1UW5BRjFQS2tJTnRlU1VBTTVOa1pLVEM?oc=5,"A Rádio-Canadá noticia iniciativas voltadas à formação de futuros professores para lidar com inteligência artificial em sala de aula, incluindo currículos e práticas pedagógicas específicas. O debate envolve tanto o uso pedagógico da IA quanto a necessidade de letramento digital crítico entre os docentes em formação.","O caso canadense oferece um exemplo concreto de política de formação inicial de professores voltada para IA, tema ainda incipiente nas licenciaturas brasileiras. É um ângulo institucional que permite comparar currículos e políticas públicas entre países.","A iniciativa canadense pode motivar uma matéria sobre como as licenciaturas brasileiras estão, ou não, preparando futuros professores para o uso crítico e pedagógico da inteligência artificial. Um especialista em formação docente ou currículo poderia comparar o modelo canadense com a realidade brasileira e apontar lacunas.",7
9fcaba9b38b607c4,2026-09-12T10:13:22.549646+00:00,Inside the $65K ‘AI-powered' private school coming to Massachusetts - NBC Boston,Escola particular de US$ 65 mil promete ensino 'turbinado por IA' em Massachusetts,NBC Boston,https://news.google.com/rss/articles/CBMinwFBVV95cUxNcTJnOC1GTndhaUZOZ2NWR3BETEdyMHJLOE1pWXVCeFNUMUNSeDJwU1JRWTBqUElhWXp1X3BLRGhGUGFPRUFmcF9adl9VZHhIYVR0UzZ5cWRqNWdfd2QzUmxoNHNzbzkwTXV6WnpRUGVWUTVJbE1JUUxjMkRjZC0zclB3T21qMEwwWVNwYnBGX25RUkV1OURJejVCdGRfcjTSAacBQVVfeXFMTll4Z0FjQXNuV1M0Nm5qVE5SM3Faa1dSU0c5QU45a1ByZW9NTkZGbXo1Y2hHMUI1ejcxT01lVldHSXhQdFdaSnJnOGszZEV4M1RpZEVlTGkzNTB3S1hNVlNLQmVrblJPbWVSVmN3YksyWjJnaS0zT1JhRTZQcDFjZHRrTGdzTXJodUN6d0ZzRkI4c0dja2EzV0NqS2l2V3RSZXljbklOckU?oc=5,"Uma nova escola particular de elite em Massachusetts, com mensalidade de 65 mil dólares, promete usar inteligência artificial como eixo central do modelo pedagógico. A proposta gera debate sobre equidade, qualidade educacional e o papel da IA no ensino de elite versus ensino público.","O valor exorbitante da mensalidade aliado à promessa de ensino baseado em IA cria um ângulo inusitado sobre desigualdade educacional e marketing tecnológico na educação, tema pouco discutido no Brasil sob essa perspectiva. É um caso concreto que ilustra como a IA está sendo usada como diferencial de status educacional.",O caso da escola de elite pode abrir uma matéria sobre como a inteligência artificial está sendo comercializada como símbolo de status educacional e o que isso revela sobre desigualdades no acesso à tecnologia na educação. Um especialista em política educacional ou sociologia da educação poderia comentar os riscos de aprofundamento das desigualdades e a real eficácia pedagógica dessas propostas.,8
349242161456b83f,2026-09-12T10:13:22.549646+00:00,"Face à la déferlante de l’IA, l’éducation nationale cherche à s’adapter - Le Monde.fr",Sistema educacional francês busca se adaptar à 'onda' da inteligência artificial,Le Monde.fr,https://news.google.com/rss/articles/CBMi1AFBVV95cUxPNnRfZjlaMkdoanVPTTdXMVJtRmQ1cE9qU191X2pJQ3BRbHZBcG4wTGlVTlB2OXJPc3Y1OENEQmstdTRyS3ptOUNOOHZ2NWFsU1dNZEVnVkNIOGE2VjkwNjNoVklDZ2tINUJCbFpFc1l4OVRuOU9vXzBlYVJldm1JTW94X3dxd2pnUjlmZWFkMURtSm5rMmcxWDM1dTJlZEtkTFUwTFJ6cEVHMVZ6X3JQU00waDdTRUJ2bDdZb2JSeVMxVnN6RjlqV0pHX1B3WFJ1MGx0RA?oc=5,"O jornal Le Monde relata como o ministério da educação da França está tentando estruturar respostas institucionais ao avanço rápido da inteligência artificial nas escolas, incluindo diretrizes para professores e alunos. A reportagem destaca a dificuldade do sistema público em acompanhar o ritmo da tecnologia.","O caso francês mostra uma tentativa sistêmica, em nível nacional, de lidar com a IA na educação, algo que ainda não tem paralelo consolidado no Brasil. A discussão sobre a velocidade da adaptação institucional frente à tecnologia é um ângulo relevante para comparação internacional.",A tentativa francesa de criar uma resposta nacional coordenada para a IA na educação pode ser usada como base de comparação para avaliar a ausência ou existência de políticas semelhantes no Brasil. Um especialista em política educacional pública poderia comentar os desafios de implementar diretrizes nacionais sobre IA em sistemas educacionais tão diversos quanto o brasileiro.,7
17e64796685cbe1d,2026-09-12T10:13:22.549646+00:00,Epson Research: 80 Percent of Teachers Worry AI is Entering the Classroom Faster than Schools can Manage - AiThority,Pesquisa aponta que 80% dos professores temem que IA avance mais rápido que a capacidade das escolas de lidar com ela,AiThority,https://news.google.com/rss/articles/CBMi2wFBVV95cUxPS0lkTHFsRl9XWmZ4djlYNmpWZlgtbUNHZ2tYb3R2STBsbVZPYTJKRXdsUUx2MWFBa1Z6TE1naGUwekUtQmROb3RFLWlhSUh5VGtTY2VXTkYwY2ExYUlma2Y3LWpvTy1LV2RBX1NoaWIzNUNHdERSRm5ZRWpuZTJvSl8tOGluemk3blpqMlJDMUVkX0R4ampjVTYzTEdxWWhTRERoRXFJN3pxSWl4U01SMUJKWDJWQ3k2Wl9OQ2xrRTY4ZGZqZWswdlJWVnRDN1M1R0FuZ1MzZHRPZms?oc=5,Um levantamento da Epson mostra que a maioria dos professores entrevistados sente que a inteligência artificial está entrando nas escolas num ritmo superior à capacidade institucional de criar diretrizes e formação adequada. O dado reforça um sentimento de despreparo generalizado entre educadores.,"O número expressivo de 80% traz um dado quantitativo concreto para embasar uma reportagem sobre a ansiedade docente frente à IA, tema geralmente tratado de forma anedótica na imprensa brasileira. É um ângulo que permite cruzar dados internacionais com a realidade local através de pesquisas comparativas.","O dado da pesquisa pode servir de gancho para uma matéria que investigue se professores brasileiros compartilham do mesmo sentimento de despreparo frente à IA, buscando dados ou pesquisas nacionais equivalentes. Um especialista em formação continuada de professores poderia comentar estratégias institucionais para reduzir essa sensação de defasagem.",7
